Class ID,Preferred Label,Synonyms,Definitions,Obsolete,CUI,Semantic Types,Parents,http://data.bioontology.org/metadata/prefixIRI,http://purl.org/dc/elements/1.1/creator,http://www.w3.org/2002/07/owl#topObjectProperty,http://www.w3.org/2004/02/skos/core#altLabel,http://www.w3.org/2004/02/skos/core#prefLabel,urn:absolute:RadiationOncologyStructuresOntology#contained_in
urn:absolute:RadiationOncologyStructuresOntology#LN_L_HN10b,LN_L_HN10b,,Occipital nodes,false,,,urn:absolute:RadiationOncologyStructuresOntology#LN_L_HN10,LN_L_HN10b,Jean-Emmanuel Bibault,,,,
urn:absolute:RadiationOncologyStructuresOntology#Left_External_Iliac_Lymph_Nodes,Left_External_Iliac_Lymph_Nodes,,,false,,,urn:absolute:RadiationOncologyStructuresOntology#External_Iliac_Lymph_Nodes,Left_External_Iliac_Lymph_Nodes,Jean-Emmanuel Bibault,,,,
urn:absolute:RadiationOncologyStructuresOntology#LN_L_T04,LN_L_T04,,Left Tracheobronchial,false,,,urn:absolute:RadiationOncologyStructuresOntology#Left_Mediastinal_Lymph_Nodes,LN_L_T04,Jean-Emmanuel Bibault,,,,
urn:absolute:RadiationOncologyStructuresOntology#LN_A04sa,LN_A04sa,,Nodes along the short gastric vessels,false,,,urn:absolute:RadiationOncologyStructuresOntology#LN_A_N1,LN_A04sa,Jean-Emmanuel Bibault,,,,
urn:absolute:RadiationOncologyStructuresOntology#Thyroid,Thyroid,,,false,,,http://www.co-ode.org/ontologies/ont.owl#Neck,Thyroid,Jean-Emmanuel Bibault,,,,
urn:absolute:RadiationOncologyStructuresOntology#Left_Temporal_Lobe,Left_Temporal_Lobe,,,false,,,urn:absolute:RadiationOncologyStructuresOntology#Temporal_Lobes,Left_Temporal_Lobe,Jean-Emmanuel Bibault,,,,
urn:absolute:RadiationOncologyStructuresOntology#Right_Breast,Right_Breast,,,false,,,urn:absolute:RadiationOncologyStructuresOntology#Breasts,Right_Breast,Jean-Emmanuel Bibault,,,,
urn:absolute:RadiationOncologyStructuresOntology#Left_Rib_02,Left_Rib_02,,,false,,,urn:absolute:RadiationOncologyStructuresOntology#Left_Ribs,Left_Rib_02,Jean-Emmanuel Bibault,,,,
urn:absolute:RadiationOncologyStructuresOntology#LN_L_HN05b,LN_L_HN05b,,Lower posterior triangle nodes,false,,,urn:absolute:RadiationOncologyStructuresOntology#LN_L_HN05,LN_L_HN05b,Jean-Emmanuel Bibault,,,,
urn:absolute:RadiationOncologyStructuresOntology#Right_Pulmonary_Artery,Right_Pulmonary_Artery,,,false,,,urn:absolute:RadiationOncologyStructuresOntology#Pulmonary_Arteries,Right_Pulmonary_Artery,Jean-Emmanuel Bibault,,,,
urn:absolute:RadiationOncologyStructuresOntology#Sacral_Vertebrae,Sacral_Vertebrae,,,false,,,urn:absolute:RadiationOncologyStructuresOntology#Pelvic_Bones,Sacral_Vertebrae,Jean-Emmanuel Bibault,,,,
urn:absolute:RadiationOncologyStructuresOntology#Thoracic_Vertebra_12,Thoracic_Vertebra_12,,,false,,,urn:absolute:RadiationOncologyStructuresOntology#Thoracic_Vertebrae,Thoracic_Vertebra_12,Jean-Emmanuel Bibault,,,,
urn:absolute:RadiationOncologyStructuresOntology#Lumbar_Vertebra_02,Lumbar_Vertebra_02,,,false,,,urn:absolute:RadiationOncologyStructuresOntology#Lumbar_Vertebrae,Lumbar_Vertebra_02,Jean-Emmanuel Bibault,,,,
urn:absolute:RadiationOncologyStructuresOntology#Left_Distal_Seminal_Vesicle,Left_Distal_Seminal_Vesicle,,,false,,,urn:absolute:RadiationOncologyStructuresOntology#Left_Seminal_Vesicle,Left_Distal_Seminal_Vesicle,Jean-Emmanuel Bibault,,,,
urn:absolute:RadiationOncologyStructuresOntology#Cervical_Vertebrae,Cervical_Vertebrae,,,false,,,urn:absolute:RadiationOncologyStructuresOntology#Cervical_Bones,Cervical_Vertebrae,Jean-Emmanuel Bibault,,,,
urn:absolute:RadiationOncologyStructuresOntology#Lacrymal_Glands,Lacrymal_Glands,,,false,,,http://www.co-ode.org/ontologies/ont.owl#Head,Lacrymal_Glands,Jean-Emmanuel Bibault,,,,
urn:absolute:RadiationOncologyStructuresOntology#Left_Submandibular_Gland,Left_Submandibular_Gland,,,false,,,urn:absolute:RadiationOncologyStructuresOntology#Submandibular_Glands,Left_Submandibular_Gland,Jean-Emmanuel Bibault,,,,
urn:absolute:RadiationOncologyStructuresOntology#LN_R_HN03,LN_R_HN03,,Middle jugular group,false,,,urn:absolute:RadiationOncologyStructuresOntology#Right_Cervical_Lymph_Nodes,LN_R_HN03,Jean-Emmanuel Bibault,,,,
urn:absolute:RadiationOncologyStructuresOntology#LN_R_HN10,LN_R_HN10,,Posterior skull group,false,,,urn:absolute:RadiationOncologyStructuresOntology#Right_Head_Lymph_Nodes,LN_R_HN10,Jean-Emmanuel Bibault,,,,
urn:absolute:RadiationOncologyStructuresOntology#Thoracic_Aorta,Thoracic_Aorta,,,false,,,urn:absolute:RadiationOncologyStructuresOntology#Thoracic_Vessels,Thoracic_Aorta,Jean-Emmanuel Bibault,,,,
urn:absolute:RadiationOncologyStructuresOntology#Inguinal_Lymph_Nodes,Inguinal_Lymph_Nodes,,,false,,,http://www.co-ode.org/ontologies/ont.owl#Pelvic_Lymph_Nodes,Inguinal_Lymph_Nodes,Jean-Emmanuel Bibault,,,,
urn:absolute:RadiationOncologyStructuresOntology#Right_External_Ear,Right_External_Ear,,,false,,,urn:absolute:RadiationOncologyStructuresOntology#External_Ears,Right_External_Ear,Jean-Emmanuel Bibault,,,,
urn:absolute:RadiationOncologyStructuresOntology#LN_A_08,LN_A_08,,Nodes along the common hepatic artery,false,,,urn:absolute:RadiationOncologyStructuresOntology#LN_A_N2,LN_A_08,Jean-Emmanuel Bibault,,,,
urn:absolute:RadiationOncologyStructuresOntology#Right_Proximal_Seminal_Vesicle,Right_Proximal_Seminal_Vesicle,,,false,,,urn:absolute:RadiationOncologyStructuresOntology#Right_Seminal_Vesicle,Right_Proximal_Seminal_Vesicle,Jean-Emmanuel Bibault,,,,
urn:absolute:RadiationOncologyStructuresOntology#LN_L_HN09,LN_L_HN09,,Bucco-facial group,false,,,urn:absolute:RadiationOncologyStructuresOntology#Left_Head_Lymph_Nodes,LN_L_HN09,Jean-Emmanuel Bibault,,,,
urn:absolute:RadiationOncologyStructuresOntology#Primary_Clinical_Target_Volume_-_Intermediary_Risk,Primary Clinical Target Volume - Intermediary Risk,,,false,,,urn:absolute:RadiationOncologyStructuresOntology#Primary_Clinical_Target_Volume,Primary_Clinical_Target_Volume_-_Intermediary_Risk,jean-emmanuelbibault,,,,
urn:absolute:RadiationOncologyStructuresOntology#Anal_Sphincter,Anal_Sphincter,,,false,,,urn:absolute:RadiationOncologyStructuresOntology#Anus,Anal_Sphincter,Jean-Emmanuel Bibault,,,,
urn:absolute:RadiationOncologyStructuresOntology#Left_Lower_Limb,Left Lower Limb,,,false,,,http://www.co-ode.org/ontologies/ont.owl#Lower_Limbs,Left_Lower_Limb,Jean-Emmanuel Bibault,,,,
urn:absolute:RadiationOncologyStructuresOntology#LN_L_T12,LN_L_T12,,Left Lobar,false,,,urn:absolute:RadiationOncologyStructuresOntology#Left_Mediastinal_Lymph_Nodes,LN_L_T12,Jean-Emmanuel Bibault,,,,
http://www.w3.org/2002/07/owl#Thing,Thing,,,false,,,,owl:Thing,Jean-Emmanuel Bibault,,,,
urn:absolute:RadiationOncologyStructuresOntology#LN_R_T08,LN_R_T08,,Right Paraesophageal,false,,,urn:absolute:RadiationOncologyStructuresOntology#Right_Mediastinal_Lymph_Nodes,LN_R_T08,Jean-Emmanuel Bibault,,,,
urn:absolute:RadiationOncologyStructuresOntology#Right_Rib_12,Right_Rib_12,,,false,,,urn:absolute:RadiationOncologyStructuresOntology#Right_Ribs,Right_Rib_12,Jean-Emmanuel Bibault,,,,
urn:absolute:RadiationOncologyStructuresOntology#Right_Rib_07,Right_Rib_07,,,false,,,urn:absolute:RadiationOncologyStructuresOntology#Right_Ribs,Right_Rib_07,Jean-Emmanuel Bibault,,,,
urn:absolute:RadiationOncologyStructuresOntology#LN_A02,LN_A02,,Right Pericardial Lymph Nodes,false,,,urn:absolute:RadiationOncologyStructuresOntology#LN_A_N1,LN_A02,Jean-Emmanuel Bibault,,,,
urn:absolute:RadiationOncologyStructuresOntology#Common_Iliac_Lymph_Nodes,Common_Iliac_Lymph_Nodes,,,false,,,http://www.co-ode.org/ontologies/ont.owl#Pelvic_Lymph_Nodes,Common_Iliac_Lymph_Nodes,Jean-Emmanuel Bibault,,,,
urn:absolute:RadiationOncologyStructuresOntology#Presacral_Lymph_Nodes,Presacral_Lymph_Nodes,,,false,,,http://www.co-ode.org/ontologies/ont.owl#Pelvic_Lymph_Nodes,Presacral_Lymph_Nodes,Jean-Emmanuel Bibault,,,,
urn:absolute:RadiationOncologyStructuresOntology#LN_L_HN01b,LN_L_HN01b,,Submandibular group,false,,,urn:absolute:RadiationOncologyStructuresOntology#LN_L_HN01,LN_L_HN01b,Jean-Emmanuel Bibault,,,,
urn:absolute:RadiationOncologyStructuresOntology#LN_L_HN04b,LN_L_HN04b,,Medial supraclavicular group,false,,,urn:absolute:RadiationOncologyStructuresOntology#LN_L_HN04,LN_L_HN04b,Jean-Emmanuel Bibault,,,,
urn:absolute:RadiationOncologyStructuresOntology#Lumbar_Vertebra_04,Lumbar_Vertebra_04,,,false,,,urn:absolute:RadiationOncologyStructuresOntology#Lumbar_Vertebrae,Lumbar_Vertebra_04,Jean-Emmanuel Bibault,,,,
urn:absolute:RadiationOncologyStructuresOntology#Brachial_Plexuses,Brachial_Plexuses,,,false,,,urn:absolute:RadiationOncologyStructuresOntology#Thorax,Brachial_Plexuses,Jean-Emmanuel Bibault,,,,
urn:absolute:RadiationOncologyStructuresOntology#Lenses,Lenses,,,false,,,urn:absolute:RadiationOncologyStructuresOntology#Eyes,Lenses,Jean-Emmanuel Bibault,,,,
urn:absolute:RadiationOncologyStructuresOntology#Base_of_Tongue,Base_of_Tongue,,,false,,,urn:absolute:RadiationOncologyStructuresOntology#Tongue,Base_of_Tongue,Jean-Emmanuel Bibault,,,,
urn:absolute:RadiationOncologyStructuresOntology#LN_A_N1,LN_A_N1,,,false,,,http://www.co-ode.org/ontologies/ont.owl#Abdominal_Lymph_Nodes,LN_A_N1,Jean-Emmanuel Bibault,,,,
urn:absolute:RadiationOncologyStructuresOntology#Left_Carotid_Artery,Left_Carotid_Artery,,,false,,,urn:absolute:RadiationOncologyStructuresOntology#Left_Cervical_Vessels,Left_Carotid_Artery,Jean-Emmanuel Bibault,,,,
urn:absolute:RadiationOncologyStructuresOntology#LN_L_T08,LN_L_T08,,Left Paraesophageal,false,,,urn:absolute:RadiationOncologyStructuresOntology#Left_Mediastinal_Lymph_Nodes,LN_L_T08,Jean-Emmanuel Bibault,,,,
urn:absolute:RadiationOncologyStructuresOntology#Bronchial_Tree,Bronchial_Tree,,,false,,,urn:absolute:RadiationOncologyStructuresOntology#Thorax,Bronchial_Tree,Jean-Emmanuel Bibault,,,,
urn:absolute:RadiationOncologyStructuresOntology#LN_R_HN02,LN_R_HN02,,Upper jugular group,false,,,urn:absolute:RadiationOncologyStructuresOntology#Right_Cervical_Lymph_Nodes,LN_R_HN02,Jean-Emmanuel Bibault,,,,
urn:absolute:RadiationOncologyStructuresOntology#LN_A_16,LN_A_16,,Para aortic nodes,false,,,urn:absolute:RadiationOncologyStructuresOntology#LN_A_N3,LN_A_16,Jean-Emmanuel Bibault,,,,
urn:absolute:RadiationOncologyStructuresOntology#Left_Rib_06,Left_Rib_06,,,false,,,urn:absolute:RadiationOncologyStructuresOntology#Left_Ribs,Left_Rib_06,Jean-Emmanuel Bibault,,,,
urn:absolute:RadiationOncologyStructuresOntology#Abdominal_Vessels,Abdominal_Vessels,,,false,,,http://www.co-ode.org/ontologies/ont.owl#Abdomen,Abdominal_Vessels,Jean-Emmanuel Bibault,,,,
urn:absolute:RadiationOncologyStructuresOntology#LN_A_11,LN_A_11,,Nodes along the splenic artery,false,,,urn:absolute:RadiationOncologyStructuresOntology#LN_A_N2,LN_A_11,Jean-Emmanuel Bibault,,,,
urn:absolute:RadiationOncologyStructuresOntology#Lumbar_Vertebra_03,Lumbar_Vertebra_03,,,false,,,urn:absolute:RadiationOncologyStructuresOntology#Lumbar_Vertebrae,Lumbar_Vertebra_03,Jean-Emmanuel Bibault,,,,
urn:absolute:RadiationOncologyStructuresOntology#Eyes,Eyes,,,false,,,http://www.co-ode.org/ontologies/ont.owl#Head,Eyes,Jean-Emmanuel Bibault,,,,
urn:absolute:RadiationOncologyStructuresOntology#Axillary_Lymph_Nodes,Axillary_Lymph_Nodes,,,false,,,http://www.co-ode.org/ontologies/ont.owl#Thoracic,Axillary_Lymph_Nodes,Jean-Emmanuel Bibault,,,,
urn:absolute:RadiationOncologyStructuresOntology#Left_Upper_Limb,Left Upper Limb,,,false,,,http://www.co-ode.org/ontologies/ont.owl#Upper_Limbs,Left_Upper_Limb,Jean-Emmanuel Bibault,,,,
urn:absolute:RadiationOncologyStructuresOntology#LN_T03a,LN_T03a,,Anterior Mediastinal,false,,,urn:absolute:RadiationOncologyStructuresOntology#LN_T03,LN_T03a,Jean-Emmanuel Bibault,,,,
urn:absolute:RadiationOncologyStructuresOntology#Cervical_Vertebra_02,Cervical_Vertebra_02,,,false,,,urn:absolute:RadiationOncologyStructuresOntology#Cervical_Vertebrae,Cervical_Vertebra_02,Jean-Emmanuel Bibault,,,,
urn:absolute:RadiationOncologyStructuresOntology#LN_A01,LN_A01,,Left Pericardial Lymph Nodes,false,,,urn:absolute:RadiationOncologyStructuresOntology#LN_A_N1,LN_A01,Jean-Emmanuel Bibault,,,,
urn:absolute:RadiationOncologyStructuresOntology#Left_Ulna,Left Ulna,,,false,,,urn:absolute:RadiationOncologyStructuresOntology#Left_Upper_Limb,Left_Ulna,Jean-Emmanuel Bibault,,,,
urn:absolute:RadiationOncologyStructuresOntology#Kidneys,Kidneys,,,false,,,http://www.co-ode.org/ontologies/ont.owl#Abdomen,Kidneys,Jean-Emmanuel Bibault,,,,
http://www.co-ode.org/ontologies/ont.owl#Neck,Neck,,,false,,,urn:absolute:RadiationOncologyStructuresOntology#Anatomical_Volumes,,Jean-Emmanuel Bibault,,,,
urn:absolute:RadiationOncologyStructuresOntology#Left_Ovary,Left_Ovary,,,false,,,urn:absolute:RadiationOncologyStructuresOntology#Ovaries,Left_Ovary,Jean-Emmanuel Bibault,,,,
urn:absolute:RadiationOncologyStructuresOntology#Right_Rib_05,Right_Rib_05,,,false,,,urn:absolute:RadiationOncologyStructuresOntology#Right_Ribs,Right_Rib_05,Jean-Emmanuel Bibault,,,,
urn:absolute:RadiationOncologyStructuresOntology#Breasts,Breasts,,,false,,,urn:absolute:RadiationOncologyStructuresOntology#Thorax,Breasts,Jean-Emmanuel Bibault,,,,
urn:absolute:RadiationOncologyStructuresOntology#Sacral_Vertebra_03,Sacral_Vertebra_03,,,false,,,urn:absolute:RadiationOncologyStructuresOntology#Sacral_Vertebrae,Sacral_Vertebra_03,Jean-Emmanuel Bibault,,,,
urn:absolute:RadiationOncologyStructuresOntology#Right_Internal_Mammary_Lymph_Nodes,Right_Internal_Mammary_Lymph_Nodes,,,false,,,urn:absolute:RadiationOncologyStructuresOntology#Internal_Mammary_Lymph_Nodes,Right_Internal_Mammary_Lymph_Nodes,Jean-Emmanuel Bibault,,,,
urn:absolute:RadiationOncologyStructuresOntology#Anterior_Cervical_Lymph_Nodes,Anterior Cervical Lymph Nodes,,,false,,,urn:absolute:RadiationOncologyStructuresOntology#Cervical_Lymph_Nodes,Anterior_Cervical_Lymph_Nodes,Jean-Emmanuel Bibault,,,,
urn:absolute:RadiationOncologyStructuresOntology#Right_Rib_03,Right_Rib_03,,,false,,,urn:absolute:RadiationOncologyStructuresOntology#Right_Ribs,Right_Rib_03,Jean-Emmanuel Bibault,,,,
urn:absolute:RadiationOncologyStructuresOntology#Inner_Ears,Inner_Ears,,,false,,,urn:absolute:RadiationOncologyStructuresOntology#Ears,Inner_Ears,Jean-Emmanuel Bibault,,,,
urn:absolute:RadiationOncologyStructuresOntology#Left_Ischiorectal_Fossa,Left_Ischiorectal_Fossa,,,false,,,urn:absolute:RadiationOncologyStructuresOntology#Ischiorectal_Fossae,Left_Ischiorectal_Fossa,Jean-Emmanuel Bibault,,,,
urn:absolute:RadiationOncologyStructuresOntology#Right_Lung,Right Lung,,,false,,,urn:absolute:RadiationOncologyStructuresOntology#Lungs,Right_Lung,Jean-Emmanuel Bibault,,,,
urn:absolute:RadiationOncologyStructuresOntology#LN_A03,LN_A03,,Nodes along the lesser gastric curvature,false,,,urn:absolute:RadiationOncologyStructuresOntology#LN_A_N1,LN_A03,Jean-Emmanuel Bibault,,,,
urn:absolute:RadiationOncologyStructuresOntology#Right_Optic_Nerve,Right_Optic_Nerve,,,false,,,urn:absolute:RadiationOncologyStructuresOntology#Optic_Nerves,Right_Optic_Nerve,Jean-Emmanuel Bibault,,,,
urn:absolute:RadiationOncologyStructuresOntology#Trachea,Trachea,,,false,,,urn:absolute:RadiationOncologyStructuresOntology#Thorax,Trachea,Jean-Emmanuel Bibault,,,,
urn:absolute:RadiationOncologyStructuresOntology#GrossTumorVolume,Gross Tumor Volume,,"GTV|What can be seen, palpated or imaged.",false,,,urn:absolute:RadiationOncologyStructuresOntology#Target_Volumes,GrossTumorVolume,Jean-Emmanuel Bibault,,,,
urn:absolute:RadiationOncologyStructuresOntology#Right_Rib_11,Right_Rib_11,,,false,,,urn:absolute:RadiationOncologyStructuresOntology#Right_Ribs,Right_Rib_11,Jean-Emmanuel Bibault,,,,
urn:absolute:RadiationOncologyStructuresOntology#Right_Frontal_Lobe,Right_Frontal_Lobe,,,false,,,urn:absolute:RadiationOncologyStructuresOntology#Frontal_Lobes,Right_Frontal_Lobe,Jean-Emmanuel Bibault,,,,
urn:absolute:RadiationOncologyStructuresOntology#Right_Rib_06,Right_Rib_06,,,false,,,urn:absolute:RadiationOncologyStructuresOntology#Right_Ribs,Right_Rib_06,Jean-Emmanuel Bibault,,,,
urn:absolute:RadiationOncologyStructuresOntology#LN_R_HN01,LN_R_HN01,,,false,,,urn:absolute:RadiationOncologyStructuresOntology#Right_Cervical_Lymph_Nodes,LN_R_HN01,Jean-Emmanuel Bibault,,,,
urn:absolute:RadiationOncologyStructuresOntology#Sacral_Vertebra_02,Sacral_Vertebra_02,,,false,,,urn:absolute:RadiationOncologyStructuresOntology#Sacral_Vertebrae,Sacral_Vertebra_02,Jean-Emmanuel Bibault,,,,
urn:absolute:RadiationOncologyStructuresOntology#Left_Rib_01,Left_Rib_01,,,false,,,urn:absolute:RadiationOncologyStructuresOntology#Left_Ribs,Left_Rib_01,Jean-Emmanuel Bibault,,,,
urn:absolute:RadiationOncologyStructuresOntology#ClinicalTargetVolume,Clinical Target Volume,,CTV|Sub-clinical disease spread.,false,,,urn:absolute:RadiationOncologyStructuresOntology#Target_Volumes,ClinicalTargetVolume,Jean-Emmanuel Bibault,,,,
urn:absolute:RadiationOncologyStructuresOntology#Right_Distal_Seminal_Vesicle,Right_Distal_Seminal_Vesicle,,,false,,,urn:absolute:RadiationOncologyStructuresOntology#Right_Seminal_Vesicle,Right_Distal_Seminal_Vesicle,Jean-Emmanuel Bibault,,,,
urn:absolute:RadiationOncologyStructuresOntology#Thoracic_Vertebra_05,Thoracic_Vertebra_05,,,false,,,urn:absolute:RadiationOncologyStructuresOntology#Thoracic_Vertebrae,Thoracic_Vertebra_05,Jean-Emmanuel Bibault,,,,
urn:absolute:RadiationOncologyStructuresOntology#Spleen,Spleen,,,false,,,http://www.co-ode.org/ontologies/ont.owl#Abdomen,Spleen,Jean-Emmanuel Bibault,,,,
urn:absolute:RadiationOncologyStructuresOntology#Right_Femoral_Joint,Right_Femoral_Joint,,,false,,,urn:absolute:RadiationOncologyStructuresOntology#Femoral_Joints,Right_Femoral_Joint,Jean-Emmanuel Bibault,,,,
urn:absolute:RadiationOncologyStructuresOntology#Nodal_Clinical_Target_Volume_-_Low_Risk,Nodal Clinical Target Volume - Low Risk,,,false,,,urn:absolute:RadiationOncologyStructuresOntology#Nodal_Clinical_Target_Volume,Nodal_Clinical_Target_Volume_-_Low_Risk,jean-emmanuelbibault,,,,
urn:absolute:RadiationOncologyStructuresOntology#Cervical_Vertebra_03,Cervical_Vertebra_03,,,false,,,urn:absolute:RadiationOncologyStructuresOntology#Cervical_Vertebrae,Cervical_Vertebra_03,Jean-Emmanuel Bibault,,,,
urn:absolute:RadiationOncologyStructuresOntology#Left_Eye,Left_Eye,,,false,,,urn:absolute:RadiationOncologyStructuresOntology#Eyes,Left_Eye,Jean-Emmanuel Bibault,,,,
urn:absolute:RadiationOncologyStructuresOntology#Sacral_Vertebra_05,Sacral_Vertebra_05,,,false,,,urn:absolute:RadiationOncologyStructuresOntology#Sacral_Vertebrae,Sacral_Vertebra_05,Jean-Emmanuel Bibault,,,,
urn:absolute:RadiationOncologyStructuresOntology#Anatomical_Volumes,Anatomical Volumes,,,false,,,urn:absolute:RadiationOncologyStructuresOntology#Volumes,Anatomical_Volumes,Jean-Emmanuel Bibault,,,,
urn:absolute:RadiationOncologyStructuresOntology#Left_Internal_Iliac_Lymph_Nodes,Left_Internal_Iliac_Lymph_Nodes,,,false,,,urn:absolute:RadiationOncologyStructuresOntology#Internal_Iliac_Lymph_Nodes,Left_Internal_Iliac_Lymph_Nodes,Jean-Emmanuel Bibault,,,,
urn:absolute:RadiationOncologyStructuresOntology#Sigmoid_Colon,Sigmoid_Colon,,,false,,,urn:absolute:RadiationOncologyStructuresOntology#Pelvis,Sigmoid_Colon,Jean-Emmanuel Bibault,,,,
urn:absolute:RadiationOncologyStructuresOntology#Optic_Nerves,Optic_Nerves,,,false,,,urn:absolute:RadiationOncologyStructuresOntology#Brain,Optic_Nerves,Jean-Emmanuel Bibault,,,,
urn:absolute:RadiationOncologyStructuresOntology#LN_L_HN05a,LN_L_HN05a,,Upper posterior triangle nodes,false,,,urn:absolute:RadiationOncologyStructuresOntology#LN_L_HN05,LN_L_HN05a,Jean-Emmanuel Bibault,,,,
urn:absolute:RadiationOncologyStructuresOntology#LN_R_HN07b,LN_R_HN07b,,Retro-styloid nodes,false,,,urn:absolute:RadiationOncologyStructuresOntology#LN_R_HN07,LN_R_HN07b,Jean-Emmanuel Bibault,,,,
urn:absolute:RadiationOncologyStructuresOntology#Thoracic_Vertebra_02,Thoracic_Vertebra_02,,,false,,,urn:absolute:RadiationOncologyStructuresOntology#Thoracic_Vertebrae,Thoracic_Vertebra_02,Jean-Emmanuel Bibault,,,,
urn:absolute:RadiationOncologyStructuresOntology#LN_A_12,LN_A_12,,Nodes in the hepatoduodenal ligament,false,,,urn:absolute:RadiationOncologyStructuresOntology#LN_A_N3,LN_A_12,Jean-Emmanuel Bibault,,,,
urn:absolute:RadiationOncologyStructuresOntology#Left_Cervical_Lymph_Nodes,Left Cervical Lymph Nodes,,,false,,,urn:absolute:RadiationOncologyStructuresOntology#Cervical_Lymph_Nodes,Left_Cervical_Lymph_Nodes,Jean-Emmanuel Bibault,,,,
urn:absolute:RadiationOncologyStructuresOntology#Left_Cochlea,Left_Cochlea,,,false,,,urn:absolute:RadiationOncologyStructuresOntology#Inner_Ears,Left_Cochlea,Jean-Emmanuel Bibault,,,,
urn:absolute:RadiationOncologyStructuresOntology#LN_L_HN07a,LN_L_HN07a,,Retropharyngeal nodes,false,,,urn:absolute:RadiationOncologyStructuresOntology#LN_L_HN07,LN_L_HN07a,Jean-Emmanuel Bibault,,,,
urn:absolute:RadiationOncologyStructuresOntology#Primary_Biological_Target_Volume,Primary Biological Target Volume,,BTVp|Tumoral functional activity.,false,,,urn:absolute:RadiationOncologyStructuresOntology#Biological_Target_Volume,Primary_Biological_Target_Volume,Jean-Emmanuel Bibault,,,,
urn:absolute:RadiationOncologyStructuresOntology#Cervical_Vertebra_06,Cervical_Vertebra_06,,,false,,,urn:absolute:RadiationOncologyStructuresOntology#Cervical_Vertebrae,Cervical_Vertebra_06,Jean-Emmanuel Bibault,,,,
urn:absolute:RadiationOncologyStructuresOntology#Penis,Penis,,,false,,,urn:absolute:RadiationOncologyStructuresOntology#Male_Reproductive_System,Penis,Jean-Emmanuel Bibault,,,,
urn:absolute:RadiationOncologyStructuresOntology#Sacral_Vertebra_04,Sacral_Vertebra_04,,,false,,,urn:absolute:RadiationOncologyStructuresOntology#Sacral_Vertebrae,Sacral_Vertebra_04,Jean-Emmanuel Bibault,,,,
urn:absolute:RadiationOncologyStructuresOntology#Right_Rib_04,Right_Rib_04,,,false,,,urn:absolute:RadiationOncologyStructuresOntology#Right_Ribs,Right_Rib_04,Jean-Emmanuel Bibault,,,,
urn:absolute:RadiationOncologyStructuresOntology#Brainstem,Brainstem,,,false,,,urn:absolute:RadiationOncologyStructuresOntology#Brain,Brainstem,Jean-Emmanuel Bibault,,,,
urn:absolute:RadiationOncologyStructuresOntology#Left_Breast,Left_Breast,,,false,,,urn:absolute:RadiationOncologyStructuresOntology#Breasts,Left_Breast,Jean-Emmanuel Bibault,,,,
urn:absolute:RadiationOncologyStructuresOntology#Mandible,Mandible,,,false,,,urn:absolute:RadiationOncologyStructuresOntology#Head_Bones,Mandible,Jean-Emmanuel Bibault,,,,
urn:absolute:RadiationOncologyStructuresOntology#LN_A_09,LN_A_09,,Nodes around the celiac axis,false,,,urn:absolute:RadiationOncologyStructuresOntology#LN_A_N2,LN_A_09,Jean-Emmanuel Bibault,,,,
urn:absolute:RadiationOncologyStructuresOntology#Uterus,Uterus,,,false,,,urn:absolute:RadiationOncologyStructuresOntology#Female_Reproductive_System,Uterus,Jean-Emmanuel Bibault,,,,
urn:absolute:RadiationOncologyStructuresOntology#Right_Temporomandibular_Joint,Right_Temporomandibular_Joint,,,false,,,urn:absolute:RadiationOncologyStructuresOntology#Temporomandibular_Joints,Right_Temporomandibular_Joint,Jean-Emmanuel Bibault,,,,
urn:absolute:RadiationOncologyStructuresOntology#Colon,Colon,,,false,,,urn:absolute:RadiationOncologyStructuresOntology#Digestive_Tract,Colon,Jean-Emmanuel Bibault,,,,
urn:absolute:RadiationOncologyStructuresOntology#LN_L_T11,LN_L_T11,,Left Interlobar,false,,,urn:absolute:RadiationOncologyStructuresOntology#Left_Mediastinal_Lymph_Nodes,LN_L_T11,Jean-Emmanuel Bibault,,,,
urn:absolute:RadiationOncologyStructuresOntology#LN_HN06,LN_HN06,,Anterior compartment group,false,,,urn:absolute:RadiationOncologyStructuresOntology#Anterior_Cervical_Lymph_Nodes,LN_HN06,Jean-Emmanuel Bibault,,,,
urn:absolute:RadiationOncologyStructuresOntology#Central_Mediastinal_Lymph_Nodes,Central_Mediastinal_Lymph_Nodes,,,false,,,urn:absolute:RadiationOncologyStructuresOntology#Mediastinum,Central_Mediastinal_Lymph_Nodes,Jean-Emmanuel Bibault,,,,
urn:absolute:RadiationOncologyStructuresOntology#LN_L_T10,LN_L_T10,,Left Hilar,false,,,urn:absolute:RadiationOncologyStructuresOntology#Left_Mediastinal_Lymph_Nodes,LN_L_T10,Jean-Emmanuel Bibault,,,,
urn:absolute:RadiationOncologyStructuresOntology#Right_Subclavicular_Lymph_Nodes,Right_Subclavicular_Lymph_Nodes,,,false,,,urn:absolute:RadiationOncologyStructuresOntology#Subclavicular_Lymph_Nodes,Right_Subclavicular_Lymph_Nodes,Jean-Emmanuel Bibault,,,,
urn:absolute:RadiationOncologyStructuresOntology#LN_A04d,LN_A04d,,Nodes along the right gastroepiploic vessels,false,,,urn:absolute:RadiationOncologyStructuresOntology#LN_A_N1,LN_A04d,Jean-Emmanuel Bibault,,,,
urn:absolute:RadiationOncologyStructuresOntology#Anal_Margin,Anal_Margin,,,false,,,urn:absolute:RadiationOncologyStructuresOntology#Anus,Anal_Margin,Jean-Emmanuel Bibault,,,,
urn:absolute:RadiationOncologyStructuresOntology#Right_Kidney,Right_Kidney,,,false,,,urn:absolute:RadiationOncologyStructuresOntology#Kidneys,Right_Kidney,Jean-Emmanuel Bibault,,,,
urn:absolute:RadiationOncologyStructuresOntology#LN_L_HN04a,LN_L_HN04a,,Lower jugular group,false,,,urn:absolute:RadiationOncologyStructuresOntology#LN_L_HN04,LN_L_HN04a,Jean-Emmanuel Bibault,,,,
urn:absolute:RadiationOncologyStructuresOntology#External_Ears,External_Ears,,,false,,,urn:absolute:RadiationOncologyStructuresOntology#Ears,External_Ears,Jean-Emmanuel Bibault,,,,
urn:absolute:RadiationOncologyStructuresOntology#LN_R_HN10a,LN_R_HN10a,,Retroauricular & subauricular nodes,false,,,urn:absolute:RadiationOncologyStructuresOntology#LN_R_HN10,LN_R_HN10a,Jean-Emmanuel Bibault,,,,
http://www.co-ode.org/ontologies/ont.owl#Thoracic,Thoracic Lymph Nodes,,,false,,,urn:absolute:RadiationOncologyStructuresOntology#Thorax,,,,,,
urn:absolute:RadiationOncologyStructuresOntology#Cervical_Vertebra_04,Cervical_Vertebra_04,,,false,,,urn:absolute:RadiationOncologyStructuresOntology#Cervical_Vertebrae,Cervical_Vertebra_04,Jean-Emmanuel Bibault,,,,
urn:absolute:RadiationOncologyStructuresOntology#Left_Seminal_Vesicle,Left_Seminal_Vesicle,,,false,,,urn:absolute:RadiationOncologyStructuresOntology#Seminal_Vesicles,Left_Seminal_Vesicle,Jean-Emmanuel Bibault,,,,
urn:absolute:RadiationOncologyStructuresOntology#Thoracic_Vertebra_06,Thoracic_Vertebra_06,,,false,,,urn:absolute:RadiationOncologyStructuresOntology#Thoracic_Vertebrae,Thoracic_Vertebra_06,Jean-Emmanuel Bibault,,,,
urn:absolute:RadiationOncologyStructuresOntology#Head_Lymph_Nodes,Head Lymph Nodes,,,false,,,http://www.co-ode.org/ontologies/ont.owl#Head,Head_Lymph_Nodes,Jean-Emmanuel Bibault,,,,
urn:absolute:RadiationOncologyStructuresOntology#Hypophysis,Hypophysis,,,false,,,urn:absolute:RadiationOncologyStructuresOntology#Brain,Hypophysis,Jean-Emmanuel Bibault,,,,
urn:absolute:RadiationOncologyStructuresOntology#Right_Rib_10,Right_Rib_10,,,false,,,urn:absolute:RadiationOncologyStructuresOntology#Right_Ribs,Right_Rib_10,Jean-Emmanuel Bibault,,,,
urn:absolute:RadiationOncologyStructuresOntology#Right_Common_Iliac_Lymph_Nodes,Right_Common_Iliac_Lymph_Nodes,,,false,,,urn:absolute:RadiationOncologyStructuresOntology#Common_Iliac_Lymph_Nodes,Right_Common_Iliac_Lymph_Nodes,Jean-Emmanuel Bibault,,,,
urn:absolute:RadiationOncologyStructuresOntology#Nodal_Clinical_Target_Volume_-_High_Risk,Nodal Clinical Target Volume - High Risk,,,false,,,urn:absolute:RadiationOncologyStructuresOntology#Nodal_Clinical_Target_Volume,Nodal_Clinical_Target_Volume_-_High_Risk,jean-emmanuelbibault,,,,
urn:absolute:RadiationOncologyStructuresOntology#Prostate,Prostate,,,false,,,urn:absolute:RadiationOncologyStructuresOntology#Male_Reproductive_System,Prostate,Jean-Emmanuel Bibault,,,,
urn:absolute:RadiationOncologyStructuresOntology#Left_Iliac_Wing,Left_Iliac_Wing,,,false,,,urn:absolute:RadiationOncologyStructuresOntology#Iliac_Wings,Left_Iliac_Wing,Jean-Emmanuel Bibault,,,,
urn:absolute:RadiationOncologyStructuresOntology#Right_Carotid_Artery,Right_Carotid_Artery,,,false,,,urn:absolute:RadiationOncologyStructuresOntology#Right_Cervical_Vessels,Right_Carotid_Artery,Jean-Emmanuel Bibault,,,,
urn:absolute:RadiationOncologyStructuresOntology#Cerebellum,Cerebellum,,,false,,,urn:absolute:RadiationOncologyStructuresOntology#Brain,Cerebellum,Jean-Emmanuel Bibault,,,,
urn:absolute:RadiationOncologyStructuresOntology#Nodal_Clinical_Target_Volume,Nodal Clinical Target Volume,,Nodal sub-clinical disease spread.|CTVn,false,,,urn:absolute:RadiationOncologyStructuresOntology#ClinicalTargetVolume,Nodal_Clinical_Target_Volume,Jean-Emmanuel Bibault,,,,
urn:absolute:RadiationOncologyStructuresOntology#Salivary_Glands,Salivary_Glands,,,false,,,http://www.co-ode.org/ontologies/ont.owl#Head,Salivary_Glands,Jean-Emmanuel Bibault,,,,
urn:absolute:RadiationOncologyStructuresOntology#Small_Bowel,Small_Bowel,,,false,,,http://www.co-ode.org/ontologies/ont.owl#Abdomen,Small_Bowel,Jean-Emmanuel Bibault,,,,
urn:absolute:RadiationOncologyStructuresOntology#Right_Axillary_Lymph_Nodes,Right_Axillary_Lymph_Nodes,,,false,,,urn:absolute:RadiationOncologyStructuresOntology#Axillary_Lymph_Nodes,Right_Axillary_Lymph_Nodes,Jean-Emmanuel Bibault,,,,
urn:absolute:RadiationOncologyStructuresOntology#Left_Middle_Ear,Left_Middle_Ear,,,false,,,urn:absolute:RadiationOncologyStructuresOntology#Middle_Ears,Left_Middle_Ear,Jean-Emmanuel Bibault,,,,
urn:absolute:RadiationOncologyStructuresOntology#Right_Iliac_Wing,Right_Iliac_Wing,,,false,,,urn:absolute:RadiationOncologyStructuresOntology#Iliac_Wings,Right_Iliac_Wing,Jean-Emmanuel Bibault,,,,
urn:absolute:RadiationOncologyStructuresOntology#LN_A04sb,LN_A04sb,,Nodes along the left gastroepiploic vessels,false,,,urn:absolute:RadiationOncologyStructuresOntology#LN_A_N1,LN_A04sb,Jean-Emmanuel Bibault,,,,
urn:absolute:RadiationOncologyStructuresOntology#Right_Cervical_Lymph_Nodes,Right Cervical Lymph Nodes,,,false,,,urn:absolute:RadiationOncologyStructuresOntology#Cervical_Lymph_Nodes,Right_Cervical_Lymph_Nodes,Jean-Emmanuel Bibault,,,,
urn:absolute:RadiationOncologyStructuresOntology#Mediastinum,Mediastinum,,,false,,,http://www.co-ode.org/ontologies/ont.owl#Thoracic,Mediastinum,Jean-Emmanuel Bibault,,,,
urn:absolute:RadiationOncologyStructuresOntology#LN_A_08a,LN_A_08a,,Nodes along the common hepatic artery - anterosuperior group,false,,,urn:absolute:RadiationOncologyStructuresOntology#LN_A_08,LN_A_08a,Jean-Emmanuel Bibault,,,,
urn:absolute:RadiationOncologyStructuresOntology#Pharyngeal_Constrictor_Muscles,Pharyngeal_Constrictor_Muscles,,,false,,,http://www.co-ode.org/ontologies/ont.owl#Neck,Pharyngeal_Constrictor_Muscles,Jean-Emmanuel Bibault,,,,
urn:absolute:RadiationOncologyStructuresOntology#Thoracic_Vessels,Thoracic Vessels,,,false,,,urn:absolute:RadiationOncologyStructuresOntology#Thorax,Thoracic_Vessels,Jean-Emmanuel Bibault,,,,
urn:absolute:RadiationOncologyStructuresOntology#Sternum,Sternum,,,false,,,urn:absolute:RadiationOncologyStructuresOntology#Thoracic_Bones,Sternum,Jean-Emmanuel Bibault,,,,
urn:absolute:RadiationOncologyStructuresOntology#Digestive_Tract,Digestive_Tract,,,false,,,http://www.co-ode.org/ontologies/ont.owl#Abdomen,Digestive_Tract,Jean-Emmanuel Bibault,,,,
urn:absolute:RadiationOncologyStructuresOntology#LN_R_T02,LN_R_T02,,Right Paratracheal,false,,,urn:absolute:RadiationOncologyStructuresOntology#Right_Mediastinal_Lymph_Nodes,LN_R_T02,Jean-Emmanuel Bibault,,,,
urn:absolute:RadiationOncologyStructuresOntology#Rectum,Rectum,,,false,,,urn:absolute:RadiationOncologyStructuresOntology#Pelvis,Rectum,Jean-Emmanuel Bibault,,,,
urn:absolute:RadiationOncologyStructuresOntology#Right_Femur,Right Femur,,,false,,,urn:absolute:RadiationOncologyStructuresOntology#Right_Lower_Limb,Right_Femur,Jean-Emmanuel Bibault,,,,
urn:absolute:RadiationOncologyStructuresOntology#LN_A_N2,LN_A_N2,,,false,,,http://www.co-ode.org/ontologies/ont.owl#Abdominal_Lymph_Nodes,LN_A_N2,Jean-Emmanuel Bibault,,,,
urn:absolute:RadiationOncologyStructuresOntology#'Right_Clavicle',Right Clavicle,,,false,,,urn:absolute:RadiationOncologyStructuresOntology#Right_Upper_Limb,,Jean-Emmanuel Bibault,,,,
urn:absolute:RadiationOncologyStructuresOntology#Lips,Lips,,,false,,,http://www.co-ode.org/ontologies/ont.owl#Head,Lips,Jean-Emmanuel Bibault,,,,
urn:absolute:RadiationOncologyStructuresOntology#Primary_Clinical_Target_Volume_-_High_Risk,Primary Clinical Target Volume - High Risk,,,false,,,urn:absolute:RadiationOncologyStructuresOntology#Primary_Clinical_Target_Volume,Primary_Clinical_Target_Volume_-_High_Risk,jean-emmanuelbibault,,,,
urn:absolute:RadiationOncologyStructuresOntology#Left_Inguinal_Lymph_Nodes,Left_Inguinal_Lymph_Nodes,,,false,,,urn:absolute:RadiationOncologyStructuresOntology#Inguinal_Lymph_Nodes,Left_Inguinal_Lymph_Nodes,Jean-Emmanuel Bibault,,,,
urn:absolute:RadiationOncologyStructuresOntology#Temporomandibular_Joints,Temporomandibular_Joints,,,false,,,http://www.co-ode.org/ontologies/ont.owl#Head,Temporomandibular_Joints,Jean-Emmanuel Bibault,,,,
urn:absolute:RadiationOncologyStructuresOntology#Esophagus,Esophagus,,,false,,,urn:absolute:RadiationOncologyStructuresOntology#Digestive_Tract,Esophagus,Jean-Emmanuel Bibault,,,,
urn:absolute:RadiationOncologyStructuresOntology#Left_Proximal_Seminal_Vesicle,Left_Proximal_Seminal_Vesicle,,,false,,,urn:absolute:RadiationOncologyStructuresOntology#Left_Seminal_Vesicle,Left_Proximal_Seminal_Vesicle,Jean-Emmanuel Bibault,,,,
urn:absolute:RadiationOncologyStructuresOntology#External_Iliac_Lymph_Nodes,External_Iliac_Lymph_Nodes,,,false,,,http://www.co-ode.org/ontologies/ont.owl#Pelvic_Lymph_Nodes,External_Iliac_Lymph_Nodes,Jean-Emmanuel Bibault,,,,
urn:absolute:RadiationOncologyStructuresOntology#Cervical_Vessels,Cervical Vessels,,,false,,,http://www.co-ode.org/ontologies/ont.owl#Neck,Cervical_Vessels,Jean-Emmanuel Bibault,,,,
urn:absolute:RadiationOncologyStructuresOntology#Ears,Ears,,,false,,,http://www.co-ode.org/ontologies/ont.owl#Head,Ears,Jean-Emmanuel Bibault,,,,
urn:absolute:RadiationOncologyStructuresOntology#Ribs,Ribs,,,false,,,urn:absolute:RadiationOncologyStructuresOntology#Thoracic_Bones,Ribs,Jean-Emmanuel Bibault,,,,
urn:absolute:RadiationOncologyStructuresOntology#Right_Supraclavicular_Lymph_Nodes,Right_Supraclavicular_Lymph_Nodes,,,false,,,urn:absolute:RadiationOncologyStructuresOntology#Supraclavicular_Lymph_Nodes,Right_Supraclavicular_Lymph_Nodes,Jean-Emmanuel Bibault,,,,
urn:absolute:RadiationOncologyStructuresOntology#Right_Ovary,Right_Ovary,,,false,,,urn:absolute:RadiationOncologyStructuresOntology#Ovaries,Right_Ovary,Jean-Emmanuel Bibault,,,,
urn:absolute:RadiationOncologyStructuresOntology#Right_Retina,Right_Retina,,,false,,,urn:absolute:RadiationOncologyStructuresOntology#Retinas,Right_Retina,Jean-Emmanuel Bibault,,,,
urn:absolute:RadiationOncologyStructuresOntology#LN_L_T14,LN_L_T14,,Left Subsegmental,false,,,urn:absolute:RadiationOncologyStructuresOntology#Left_Mediastinal_Lymph_Nodes,LN_L_T14,Jean-Emmanuel Bibault,,,,
urn:absolute:RadiationOncologyStructuresOntology#Left_Clavicle,Left Clavicle,,,false,,,urn:absolute:RadiationOncologyStructuresOntology#Left_Upper_Limb,Left_Clavicle,Jean-Emmanuel Bibault,,,,
urn:absolute:RadiationOncologyStructuresOntology#Thorax,Thorax,,,false,,,urn:absolute:RadiationOncologyStructuresOntology#Anatomical_Volumes,Thorax,Jean-Emmanuel Bibault,,,,
urn:absolute:RadiationOncologyStructuresOntology#Left_Parotid,Left_Parotid,,,false,,,urn:absolute:RadiationOncologyStructuresOntology#Parotids,Left_Parotid,Jean-Emmanuel Bibault,,,,
urn:absolute:RadiationOncologyStructuresOntology#Right_Testicle,Right_Testicle,,,false,,,urn:absolute:RadiationOncologyStructuresOntology#Testicles,Right_Testicle,Jean-Emmanuel Bibault,,,,
urn:absolute:RadiationOncologyStructuresOntology#Right_External_Iliac_Lymph_Nodes,Right_External_Iliac_Lymph_Nodes,,,false,,,urn:absolute:RadiationOncologyStructuresOntology#External_Iliac_Lymph_Nodes,Right_External_Iliac_Lymph_Nodes,Jean-Emmanuel Bibault,,,,
urn:absolute:RadiationOncologyStructuresOntology#Retinas,Retinas,,,false,,,urn:absolute:RadiationOncologyStructuresOntology#Eyes,Retinas,Jean-Emmanuel Bibault,,,,
urn:absolute:RadiationOncologyStructuresOntology#LN_HN06b,LN_HN06b,,"Prelaryngeal, pretracheal, & paratracheal nodes",false,,,urn:absolute:RadiationOncologyStructuresOntology#LN_HN06,LN_HN06b,Jean-Emmanuel Bibault,,,,
urn:absolute:RadiationOncologyStructuresOntology#'Right_Humerus',Right Humerus,,,false,,,urn:absolute:RadiationOncologyStructuresOntology#Right_Upper_Limb,,Jean-Emmanuel Bibault,,,,
urn:absolute:RadiationOncologyStructuresOntology#Left_Proximal_Ischiorectal_Fossa,Left_Proximal_Ischiorectal_Fossa,,,false,,,urn:absolute:RadiationOncologyStructuresOntology#Left_Ischiorectal_Fossa,Left_Proximal_Ischiorectal_Fossa,Jean-Emmanuel Bibault,,,,
urn:absolute:RadiationOncologyStructuresOntology#Mesorectum,Mesorectum,,,false,,,http://www.co-ode.org/ontologies/ont.owl#Pelvic_Lymph_Nodes,Mesorectum,Jean-Emmanuel Bibault,,,,
urn:absolute:RadiationOncologyStructuresOntology#Right_Submandibular_Gland,Right_Submandibular_Gland,,,false,,,urn:absolute:RadiationOncologyStructuresOntology#Submandibular_Glands,Right_Submandibular_Gland,Jean-Emmanuel Bibault,,,,
urn:absolute:RadiationOncologyStructuresOntology#Biological_Target_Volume,Biological Target Volume,,Functional activity.|BTV,false,,,urn:absolute:RadiationOncologyStructuresOntology#Target_Volumes,Biological_Target_Volume,Jean-Emmanuel Bibault,,,,
urn:absolute:RadiationOncologyStructuresOntology#LN_L_T13,LN_L_T13,,Left Segmental,false,,,urn:absolute:RadiationOncologyStructuresOntology#Left_Mediastinal_Lymph_Nodes,LN_L_T13,Jean-Emmanuel Bibault,,,,
urn:absolute:RadiationOncologyStructuresOntology#Left_Rib_08,Left_Rib_08,,,false,,,urn:absolute:RadiationOncologyStructuresOntology#Left_Ribs,Left_Rib_08,Jean-Emmanuel Bibault,,,,
urn:absolute:RadiationOncologyStructuresOntology#Lumbar_Vertebra_01,Lumbar_Vertebra_01,,,false,,,urn:absolute:RadiationOncologyStructuresOntology#Lumbar_Vertebrae,Lumbar_Vertebra_01,Jean-Emmanuel Bibault,,,,
urn:absolute:RadiationOncologyStructuresOntology#Right_Cochlea,Right_Cochlea,,,false,,,urn:absolute:RadiationOncologyStructuresOntology#Inner_Ears,Right_Cochlea,Jean-Emmanuel Bibault,,,,
urn:absolute:RadiationOncologyStructuresOntology#Pelvis,Pelvis,,,false,,,urn:absolute:RadiationOncologyStructuresOntology#Anatomical_Volumes,Pelvis,Jean-Emmanuel Bibault,,,,
urn:absolute:RadiationOncologyStructuresOntology#Target_Volumes,Target Volumes,,,false,,,urn:absolute:RadiationOncologyStructuresOntology#Volumes,Target_Volumes,Jean-Emmanuel Bibault,,,,
urn:absolute:RadiationOncologyStructuresOntology#Left_Radius,Left Radius,,,false,,,urn:absolute:RadiationOncologyStructuresOntology#Left_Upper_Limb,Left_Radius,Jean-Emmanuel Bibault,,,,
urn:absolute:RadiationOncologyStructuresOntology#Left_Lung,Left Lung,,,false,,,urn:absolute:RadiationOncologyStructuresOntology#Lungs,Left_Lung,Jean-Emmanuel Bibault,,,,
urn:absolute:RadiationOncologyStructuresOntology#Left_Brachial_Plexus,Left_Brachial_Plexus,,,false,,,urn:absolute:RadiationOncologyStructuresOntology#Brachial_Plexuses,Left_Brachial_Plexus,Jean-Emmanuel Bibault,,,,
urn:absolute:RadiationOncologyStructuresOntology#Right_Internal_Iliac_Lymph_Nodes,Right_Internal_Iliac_Lymph_Nodes,,,false,,,urn:absolute:RadiationOncologyStructuresOntology#Internal_Iliac_Lymph_Nodes,Right_Internal_Iliac_Lymph_Nodes,Jean-Emmanuel Bibault,,,,
urn:absolute:RadiationOncologyStructuresOntology#LN_T07,LN_T07,,Subcarinal,false,,,urn:absolute:RadiationOncologyStructuresOntology#Central_Mediastinal_Lymph_Nodes,LN_T07,Jean-Emmanuel Bibault,,,,
urn:absolute:RadiationOncologyStructuresOntology#Pulmonary_Arteries,Pulmonary_Arteries,,,false,,,urn:absolute:RadiationOncologyStructuresOntology#Thoracic_Vessels,Pulmonary_Arteries,Jean-Emmanuel Bibault,,,,
urn:absolute:RadiationOncologyStructuresOntology#LN_L_HN05c,LN_L_HN05c,,Lateral supraclavicular group,false,,,urn:absolute:RadiationOncologyStructuresOntology#LN_L_HN05,LN_L_HN05c,Jean-Emmanuel Bibault,,,,
urn:absolute:RadiationOncologyStructuresOntology#Primary_Clinical_Target_Volume_-_Low_Risk,Primary Clinical Target Volume - Low Risk,,,false,,,urn:absolute:RadiationOncologyStructuresOntology#Primary_Clinical_Target_Volume,Primary_Clinical_Target_Volume_-_Low_Risk,jean-emmanuelbibault,,,,
urn:absolute:RadiationOncologyStructuresOntology#Cervical_Vertebra_07,Cervical_Vertebra_07,,,false,,,urn:absolute:RadiationOncologyStructuresOntology#Cervical_Vertebrae,Cervical_Vertebra_07,Jean-Emmanuel Bibault,,,,
urn:absolute:RadiationOncologyStructuresOntology#Pacemaker,Pacemaker,,,false,,,urn:absolute:RadiationOncologyStructuresOntology#Miscellaneous_Volumes,Pacemaker,Jean-Emmanuel Bibault,,,,
urn:absolute:RadiationOncologyStructuresOntology#Left_Rib_03,Left_Rib_03,,,false,,,urn:absolute:RadiationOncologyStructuresOntology#Left_Ribs,Left_Rib_03,Jean-Emmanuel Bibault,,,,
urn:absolute:RadiationOncologyStructuresOntology#Thoracic_Vertebra_03,Thoracic_Vertebra_03,,,false,,,urn:absolute:RadiationOncologyStructuresOntology#Thoracic_Vertebrae,Thoracic_Vertebra_03,Jean-Emmanuel Bibault,,,,
urn:absolute:RadiationOncologyStructuresOntology#LN_L_HN10,LN_L_HN10,,Posterior skull group,false,,,urn:absolute:RadiationOncologyStructuresOntology#Left_Head_Lymph_Nodes,LN_L_HN10,Jean-Emmanuel Bibault,,,,
urn:absolute:RadiationOncologyStructuresOntology#Left_Ribs,Left_Ribs,,,false,,,urn:absolute:RadiationOncologyStructuresOntology#Ribs,Left_Ribs,Jean-Emmanuel Bibault,,,,
http://www.co-ode.org/ontologies/ont.owl#Head,Head,,,false,,,urn:absolute:RadiationOncologyStructuresOntology#Anatomical_Volumes,,Jean-Emmanuel Bibault,,,,
urn:absolute:RadiationOncologyStructuresOntology#Female_Reproductive_System,Female_Reproductive_System,,,false,,,urn:absolute:RadiationOncologyStructuresOntology#Pelvis,Female_Reproductive_System,Jean-Emmanuel Bibault,,,,
urn:absolute:RadiationOncologyStructuresOntology#Supraclavicular_Lymph_Nodes,Supraclavicular_Lymph_Nodes,,,false,,,http://www.co-ode.org/ontologies/ont.owl#Thoracic,Supraclavicular_Lymph_Nodes,Jean-Emmanuel Bibault,,,,
urn:absolute:RadiationOncologyStructuresOntology#Superior_Vena_Cava,Superior_Vena_Cava,,,false,,,urn:absolute:RadiationOncologyStructuresOntology#Thoracic_Vessels,Superior_Vena_Cava,Jean-Emmanuel Bibault,,,,
urn:absolute:RadiationOncologyStructuresOntology#InternalTargetVolume,Internal Target Volume,,"ITV|Compensation for internal physiologic movement and variations in size, shape, and position.",false,,,urn:absolute:RadiationOncologyStructuresOntology#Target_Volumes,InternalTargetVolume,Jean-Emmanuel Bibault,,,,
urn:absolute:RadiationOncologyStructuresOntology#Hypothalamus,Hypothalamus,,,false,,,http://www.co-ode.org/ontologies/ont.owl#Head,Hypothalamus,Jean-Emmanuel Bibault,,,,
urn:absolute:RadiationOncologyStructuresOntology#LN_A_13,LN_A_13,,Nodes at the posterior aspect of the pancreas head,false,,,urn:absolute:RadiationOncologyStructuresOntology#LN_A_N3,LN_A_13,Jean-Emmanuel Bibault,,,,
urn:absolute:RadiationOncologyStructuresOntology#Left_Parametrium,Left_Parametrium,,,false,,,urn:absolute:RadiationOncologyStructuresOntology#Parametria,Left_Parametrium,Jean-Emmanuel Bibault,,,,
urn:absolute:RadiationOncologyStructuresOntology#Parametria,Parametria,,,false,,,urn:absolute:RadiationOncologyStructuresOntology#Female_Reproductive_System,Parametria,Jean-Emmanuel Bibault,,,,
urn:absolute:RadiationOncologyStructuresOntology#Left_Coronary_Artery,Left_Coronary_Artery,,,false,,,urn:absolute:RadiationOncologyStructuresOntology#Coronary_Arteries,Left_Coronary_Artery,Jean-Emmanuel Bibault,,,,
urn:absolute:RadiationOncologyStructuresOntology#Left_Kidney,Left_Kidney,,,false,,,urn:absolute:RadiationOncologyStructuresOntology#Kidneys,Left_Kidney,Jean-Emmanuel Bibault,,,,
urn:absolute:RadiationOncologyStructuresOntology#Right_Chest_Wall,Right_Chest_Wall,,,false,,,urn:absolute:RadiationOncologyStructuresOntology#Chest_Walls,Right_Chest_Wall,Jean-Emmanuel Bibault,,,,
urn:absolute:RadiationOncologyStructuresOntology#Bladder,Bladder,,,false,,,urn:absolute:RadiationOncologyStructuresOntology#Pelvis,Bladder,Jean-Emmanuel Bibault,,,,
urn:absolute:RadiationOncologyStructuresOntology#Larynx,Larynx,,,false,,,http://www.co-ode.org/ontologies/ont.owl#Neck,Larynx,Jean-Emmanuel Bibault,,,,
urn:absolute:RadiationOncologyStructuresOntology#LN_L_HN02,LN_L_HN02,,Upper jugular group,false,,,urn:absolute:RadiationOncologyStructuresOntology#Left_Cervical_Lymph_Nodes,LN_L_HN02,Jean-Emmanuel Bibault,,,,
urn:absolute:RadiationOncologyStructuresOntology#Left_Pulmonary_Artery,Left_Pulmonary_Artery,,,false,,,urn:absolute:RadiationOncologyStructuresOntology#Pulmonary_Arteries,Left_Pulmonary_Artery,Jean-Emmanuel Bibault,,,,
urn:absolute:RadiationOncologyStructuresOntology#Left_Distal_Ischiorectal_Fossa,Left_Distal_Ischiorectal_Fossa,,,false,,,urn:absolute:RadiationOncologyStructuresOntology#Left_Ischiorectal_Fossa,Left_Distal_Ischiorectal_Fossa,Jean-Emmanuel Bibault,,,,
urn:absolute:RadiationOncologyStructuresOntology#Thoracic_Vertebra_04,Thoracic_Vertebra_04,,,false,,,urn:absolute:RadiationOncologyStructuresOntology#Thoracic_Vertebrae,Thoracic_Vertebra_04,Jean-Emmanuel Bibault,,,,
urn:absolute:RadiationOncologyStructuresOntology#Left_Jugular_Vein,Left_Jugular_Vein,,,false,,,urn:absolute:RadiationOncologyStructuresOntology#Left_Cervical_Vessels,Left_Jugular_Vein,Jean-Emmanuel Bibault,,,,
urn:absolute:RadiationOncologyStructuresOntology#Left_Hippocampus,Left_Hippocampus,,,false,,,urn:absolute:RadiationOncologyStructuresOntology#Hippocampi,Left_Hippocampus,Jean-Emmanuel Bibault,,,,
urn:absolute:RadiationOncologyStructuresOntology#LN_R_HN09,LN_R_HN09,,Bucco-facial group,false,,,urn:absolute:RadiationOncologyStructuresOntology#Right_Head_Lymph_Nodes,LN_R_HN09,Jean-Emmanuel Bibault,,,,
urn:absolute:RadiationOncologyStructuresOntology#LN_R_T13,LN_R_T13,,Right Segmental,false,,,urn:absolute:RadiationOncologyStructuresOntology#Right_Mediastinal_Lymph_Nodes,LN_R_T13,Jean-Emmanuel Bibault,,,,
urn:absolute:RadiationOncologyStructuresOntology#'Right_Radius',Right Radius,,,false,,,urn:absolute:RadiationOncologyStructuresOntology#Right_Upper_Limb,,Jean-Emmanuel Bibault,,,,
urn:absolute:RadiationOncologyStructuresOntology#Right_Lens,Right_Lens,,,false,,,urn:absolute:RadiationOncologyStructuresOntology#Lenses,Right_Lens,Jean-Emmanuel Bibault,,,,
urn:absolute:RadiationOncologyStructuresOntology#LN_L_HN04,LN_L_HN04,,,false,,,urn:absolute:RadiationOncologyStructuresOntology#Left_Cervical_Lymph_Nodes,LN_L_HN04,Jean-Emmanuel Bibault,,,,
urn:absolute:RadiationOncologyStructuresOntology#Hyoid_Bone,Hyoid_Bone,,,false,,,urn:absolute:RadiationOncologyStructuresOntology#Cervical_Bones,Hyoid_Bone,Jean-Emmanuel Bibault,,,,
urn:absolute:RadiationOncologyStructuresOntology#Right_Rib_09,Right_Rib_09,,,false,,,urn:absolute:RadiationOncologyStructuresOntology#Right_Ribs,Right_Rib_09,Jean-Emmanuel Bibault,,,,
urn:absolute:RadiationOncologyStructuresOntology#Primary_Clinical_Target_Volume,Primary Clinical Target Volume,,Tumoral sub-clinical disease spread.|CTVp,false,,,urn:absolute:RadiationOncologyStructuresOntology#ClinicalTargetVolume,Primary_Clinical_Target_Volume,Jean-Emmanuel Bibault,,,,
urn:absolute:RadiationOncologyStructuresOntology#Thoracic_Vertebra_07,Thoracic_Vertebra_07,,,false,,,urn:absolute:RadiationOncologyStructuresOntology#Thoracic_Vertebrae,Thoracic_Vertebra_07,Jean-Emmanuel Bibault,,,,
urn:absolute:RadiationOncologyStructuresOntology#Femoral_Joints,Femoral_Joints,,,false,,,urn:absolute:RadiationOncologyStructuresOntology#Pelvic_Bones,Femoral_Joints,Jean-Emmanuel Bibault,,,,
urn:absolute:RadiationOncologyStructuresOntology#Testicles,Testicles,,,false,,,urn:absolute:RadiationOncologyStructuresOntology#Male_Reproductive_System,Testicles,Jean-Emmanuel Bibault,,,,
urn:absolute:RadiationOncologyStructuresOntology#Left_Rib_11,Left_Rib_11,,,false,,,urn:absolute:RadiationOncologyStructuresOntology#Left_Ribs,Left_Rib_11,Jean-Emmanuel Bibault,,,,
urn:absolute:RadiationOncologyStructuresOntology#Right_Parotid,Right_Parotid,,,false,,,urn:absolute:RadiationOncologyStructuresOntology#Parotids,Right_Parotid,Jean-Emmanuel Bibault,,,,
urn:absolute:RadiationOncologyStructuresOntology#Left_Frontal_Lobe,Left_Frontal_Lobe,,,false,,,urn:absolute:RadiationOncologyStructuresOntology#Frontal_Lobes,Left_Frontal_Lobe,Jean-Emmanuel Bibault,,,,
urn:absolute:RadiationOncologyStructuresOntology#Volumes,Volumes,,,false,,,http://www.w3.org/2002/07/owl#Thing,Volumes,Jean-Emmanuel Bibault,,,,
urn:absolute:RadiationOncologyStructuresOntology#Coronary_Arteries,Coronary_Arteries,,,false,,,urn:absolute:RadiationOncologyStructuresOntology#Heart,Coronary_Arteries,Jean-Emmanuel Bibault,,,,
urn:absolute:RadiationOncologyStructuresOntology#Internal_Iliac_Lymph_Nodes,Internal_Iliac_Lymph_Nodes,,,false,,,http://www.co-ode.org/ontologies/ont.owl#Pelvic_Lymph_Nodes,Internal_Iliac_Lymph_Nodes,Jean-Emmanuel Bibault,,,,
urn:absolute:RadiationOncologyStructuresOntology#Brain,Brain,,,false,,,http://www.co-ode.org/ontologies/ont.owl#Head,Brain,Jean-Emmanuel Bibault,,,,
urn:absolute:RadiationOncologyStructuresOntology#LN_A_14v,LN_A_14v,,Nodes along the superior mesenteric vein,false,,,urn:absolute:RadiationOncologyStructuresOntology#LN_A_14,LN_A_14v,Jean-Emmanuel Bibault,,,,
urn:absolute:RadiationOncologyStructuresOntology#LN_R_T09,LN_R_T09,,Right Pulmonary Ligament,false,,,urn:absolute:RadiationOncologyStructuresOntology#Right_Mediastinal_Lymph_Nodes,LN_R_T09,Jean-Emmanuel Bibault,,,,
urn:absolute:RadiationOncologyStructuresOntology#Pituitary_Gland,Pituitary_Gland,,,false,,,http://www.co-ode.org/ontologies/ont.owl#Head,Pituitary_Gland,Jean-Emmanuel Bibault,,,,
urn:absolute:RadiationOncologyStructuresOntology#Right_Ribs,Right_Ribs,,,false,,,urn:absolute:RadiationOncologyStructuresOntology#Ribs,Right_Ribs,Jean-Emmanuel Bibault,,,,
urn:absolute:RadiationOncologyStructuresOntology#Sacral_Vertebra_01,Sacral_Vertebra_01,,,false,,,urn:absolute:RadiationOncologyStructuresOntology#Sacral_Vertebrae,Sacral_Vertebra_01,Jean-Emmanuel Bibault,,,,
urn:absolute:RadiationOncologyStructuresOntology#LN_HN06a,LN_HN06a,,Anterior jugular nodes,false,,,urn:absolute:RadiationOncologyStructuresOntology#LN_HN06,LN_HN06a,Jean-Emmanuel Bibault,,,,
urn:absolute:RadiationOncologyStructuresOntology#Left_Optic_Nerve,Left_Optic_Nerve,,,false,,,urn:absolute:RadiationOncologyStructuresOntology#Optic_Nerves,Left_Optic_Nerve,Jean-Emmanuel Bibault,,,,
urn:absolute:RadiationOncologyStructuresOntology#Anal_Canal,Anal_Canal,,,false,,,urn:absolute:RadiationOncologyStructuresOntology#Anus,Anal_Canal,Jean-Emmanuel Bibault,,,,
urn:absolute:RadiationOncologyStructuresOntology#Anus,Anus,,,false,,,urn:absolute:RadiationOncologyStructuresOntology#Pelvis,Anus,Jean-Emmanuel Bibault,,,,
urn:absolute:RadiationOncologyStructuresOntology#Iliac_Wings,Iliac_Wings,,,false,,,urn:absolute:RadiationOncologyStructuresOntology#Pelvic_Bones,Iliac_Wings,Jean-Emmanuel Bibault,,,,
urn:absolute:RadiationOncologyStructuresOntology#LN_L_HN01,LN_L_HN01,,,false,,,urn:absolute:RadiationOncologyStructuresOntology#Left_Cervical_Lymph_Nodes,LN_L_HN01,Jean-Emmanuel Bibault,,,,
urn:absolute:RadiationOncologyStructuresOntology#Submandibular_Glands,Submandibular_Glands,,,false,,,urn:absolute:RadiationOncologyStructuresOntology#Salivary_Glands,Submandibular_Glands,Jean-Emmanuel Bibault,,,,
urn:absolute:RadiationOncologyStructuresOntology#Left_Femoral_Joint,Left_Femoral_Joint,,,false,,,urn:absolute:RadiationOncologyStructuresOntology#Femoral_Joints,Left_Femoral_Joint,Jean-Emmanuel Bibault,,,,
urn:absolute:RadiationOncologyStructuresOntology#Left_Mediastinal_Lymph_Nodes,Left_Mediastinal_Lymph_Nodes,,,false,,,urn:absolute:RadiationOncologyStructuresOntology#Mediastinum,Left_Mediastinal_Lymph_Nodes,Jean-Emmanuel Bibault,,,,
urn:absolute:RadiationOncologyStructuresOntology#Right_Temporal_Lobe,Right_Temporal_Lobe,,,false,,,urn:absolute:RadiationOncologyStructuresOntology#Temporal_Lobes,Right_Temporal_Lobe,Jean-Emmanuel Bibault,,,,
urn:absolute:RadiationOncologyStructuresOntology#LN_L_HN03,LN_L_HN03,,Middle jugular group,false,,,urn:absolute:RadiationOncologyStructuresOntology#Left_Cervical_Lymph_Nodes,LN_L_HN03,Jean-Emmanuel Bibault,,,,
urn:absolute:RadiationOncologyStructuresOntology#LN_R_HN08,LN_R_HN08,,Parotid group,false,,,urn:absolute:RadiationOncologyStructuresOntology#Right_Head_Lymph_Nodes,LN_R_HN08,Jean-Emmanuel Bibault,,,,
urn:absolute:RadiationOncologyStructuresOntology#Oral_Cavity,Oral_Cavity,,,false,,,http://www.co-ode.org/ontologies/ont.owl#Head,Oral_Cavity,Jean-Emmanuel Bibault,,,,
urn:absolute:RadiationOncologyStructuresOntology#Left_Rib_07,Left_Rib_07,,,false,,,urn:absolute:RadiationOncologyStructuresOntology#Left_Ribs,Left_Rib_07,Jean-Emmanuel Bibault,,,,
urn:absolute:RadiationOncologyStructuresOntology#LN_A_N3,LN_A_N3,,,false,,,http://www.co-ode.org/ontologies/ont.owl#Abdominal_Lymph_Nodes,LN_A_N3,Jean-Emmanuel Bibault,,,,
urn:absolute:RadiationOncologyStructuresOntology#Heart,Heart,,,false,,,urn:absolute:RadiationOncologyStructuresOntology#Thorax,Heart,Jean-Emmanuel Bibault,,,,
urn:absolute:RadiationOncologyStructuresOntology#Right_Eye,Right_Eye,,,false,,,urn:absolute:RadiationOncologyStructuresOntology#Eyes,Right_Eye,Jean-Emmanuel Bibault,,,,
urn:absolute:RadiationOncologyStructuresOntology#Left_Subclavicular_Lymph_Nodes,Left_Subclavicular_Lymph_Nodes,,,false,,,urn:absolute:RadiationOncologyStructuresOntology#Subclavicular_Lymph_Nodes,Left_Subclavicular_Lymph_Nodes,Jean-Emmanuel Bibault,,,,
urn:absolute:RadiationOncologyStructuresOntology#Internal_Mammary_Lymph_Nodes,Internal_Mammary_Lymph_Nodes,,,false,,,http://www.co-ode.org/ontologies/ont.owl#Thoracic,Internal_Mammary_Lymph_Nodes,Jean-Emmanuel Bibault,,,,
urn:absolute:RadiationOncologyStructuresOntology#Duodenum,Duodenum,,,false,,,urn:absolute:RadiationOncologyStructuresOntology#Digestive_Tract,Duodenum,Jean-Emmanuel Bibault,,,,
urn:absolute:RadiationOncologyStructuresOntology#LN_L_HN07b,LN_L_HN07b,,Retro-styloid nodes,false,,,urn:absolute:RadiationOncologyStructuresOntology#LN_L_HN07,LN_L_HN07b,Jean-Emmanuel Bibault,,,,
urn:absolute:RadiationOncologyStructuresOntology#Right_Ischiorectal_Fossa,Right_Ischiorectal_Fossa,,,false,,,urn:absolute:RadiationOncologyStructuresOntology#Ischiorectal_Fossae,Right_Ischiorectal_Fossa,Jean-Emmanuel Bibault,,,,
urn:absolute:RadiationOncologyStructuresOntology#LN_R_HN10b,LN_R_HN10b,,Occipital nodes,false,,,urn:absolute:RadiationOncologyStructuresOntology#LN_R_HN10,LN_R_HN10b,Jean-Emmanuel Bibault,,,,
urn:absolute:RadiationOncologyStructuresOntology#Temporal_Lobes,Temporal_Lobes,,,false,,,urn:absolute:RadiationOncologyStructuresOntology#Brain,Temporal_Lobes,Jean-Emmanuel Bibault,,,,
urn:absolute:RadiationOncologyStructuresOntology#LN_T01,LN_T01,,Supra Mediastinal,false,,,urn:absolute:RadiationOncologyStructuresOntology#Central_Mediastinal_Lymph_Nodes,LN_T01,Jean-Emmanuel Bibault,,,,
urn:absolute:RadiationOncologyStructuresOntology#LN_R_HN05,LN_R_HN05,,Posterior triangle group,false,,,urn:absolute:RadiationOncologyStructuresOntology#Right_Cervical_Lymph_Nodes,LN_R_HN05,Jean-Emmanuel Bibault,,,,
urn:absolute:RadiationOncologyStructuresOntology#Rectal_Wall,Rectal_Wall,,,false,,,urn:absolute:RadiationOncologyStructuresOntology#Rectum,Rectal_Wall,Jean-Emmanuel Bibault,,,,
urn:absolute:RadiationOncologyStructuresOntology#Left_Testicle,Left_Testicle,,,false,,,urn:absolute:RadiationOncologyStructuresOntology#Testicles,Left_Testicle,Jean-Emmanuel Bibault,,,,
urn:absolute:RadiationOncologyStructuresOntology#Primary_Planning_Target_Volume,Primary Planning Target Volume,,Tumoral uncertainties in planning or treatment delivery.|PTVp,false,,,urn:absolute:RadiationOncologyStructuresOntology#PlanningTargetVolume,Primary_Planning_Target_Volume,Jean-Emmanuel Bibault,,,,
urn:absolute:RadiationOncologyStructuresOntology#Right_Rib_08,Right_Rib_08,,,false,,,urn:absolute:RadiationOncologyStructuresOntology#Right_Ribs,Right_Rib_08,Jean-Emmanuel Bibault,,,,
urn:absolute:RadiationOncologyStructuresOntology#Left_Temporomandibular_Joint,Left_Temporomandibular_Joint,,,false,,,urn:absolute:RadiationOncologyStructuresOntology#Temporomandibular_Joints,Left_Temporomandibular_Joint,Jean-Emmanuel Bibault,,,,
urn:absolute:RadiationOncologyStructuresOntology#Right_Proximal_Ischiorectal_Fossa,Right_Proximal_Ischiorectal_Fossa,,,false,,,urn:absolute:RadiationOncologyStructuresOntology#Right_Ischiorectal_Fossa,Right_Proximal_Ischiorectal_Fossa,Jean-Emmanuel Bibault,,,,
urn:absolute:RadiationOncologyStructuresOntology#Right_Upper_Limb,Right Upper Limb,,,false,,,http://www.co-ode.org/ontologies/ont.owl#Upper_Limbs,Right_Upper_Limb,Jean-Emmanuel Bibault,,,,
urn:absolute:RadiationOncologyStructuresOntology#Right_Head_Lymph_Nodes,Right_Head_Lymph_Nodes,,,false,,,urn:absolute:RadiationOncologyStructuresOntology#Head_Lymph_Nodes,Right_Head_Lymph_Nodes,Jean-Emmanuel Bibault,,,,
urn:absolute:RadiationOncologyStructuresOntology#Right_Seminal_Vesicle,Right_Seminal_Vesicle,,,false,,,urn:absolute:RadiationOncologyStructuresOntology#Seminal_Vesicles,Right_Seminal_Vesicle,Jean-Emmanuel Bibault,,,,
urn:absolute:RadiationOncologyStructuresOntology#Superior_Mesenteric_Artery,Superior_Mesenteric_Artery,,,false,,,urn:absolute:RadiationOncologyStructuresOntology#Abdominal_Vessels,Superior_Mesenteric_Artery,Jean-Emmanuel Bibault,,,,
urn:absolute:RadiationOncologyStructuresOntology#Right_Jugular_Vein,Right_Jugular_Vein,,,false,,,urn:absolute:RadiationOncologyStructuresOntology#Right_Cervical_Vessels,Right_Jugular_Vein,Jean-Emmanuel Bibault,,,,
urn:absolute:RadiationOncologyStructuresOntology#LN_R_HN07,LN_R_HN07,,Prevertebral compartment group,false,,,urn:absolute:RadiationOncologyStructuresOntology#Right_Cervical_Lymph_Nodes,LN_R_HN07,Jean-Emmanuel Bibault,,,,
urn:absolute:RadiationOncologyStructuresOntology#Nodal_Internal_Target_Volume,Nodal Internal Target Volume,,"ITVn|Compensation for nodal internal physiologic movement and variations in size, shape, and position.",false,,,urn:absolute:RadiationOncologyStructuresOntology#InternalTargetVolume,Nodal_Internal_Target_Volume,Jean-Emmanuel Bibault,,,,
urn:absolute:RadiationOncologyStructuresOntology#LN_T03,LN_T03,,Pretracheal,false,,,urn:absolute:RadiationOncologyStructuresOntology#Central_Mediastinal_Lymph_Nodes,LN_T03,Jean-Emmanuel Bibault,,,,
urn:absolute:RadiationOncologyStructuresOntology#LN_L_HN10a,LN_L_HN10a,,Retroauricular & subauricular nodes,false,,,urn:absolute:RadiationOncologyStructuresOntology#LN_L_HN10,LN_L_HN10a,Jean-Emmanuel Bibault,,,,
http://www.co-ode.org/ontologies/ont.owl#Abdominal_Lymph_Nodes,Abdominal Lymph Nodes,,,false,,,http://www.co-ode.org/ontologies/ont.owl#Abdomen,,Jean-Emmanuel Bibault,,,,
urn:absolute:RadiationOncologyStructuresOntology#LN_R_T04,LN_R_T04,,Right Tracheobronchial,false,,,urn:absolute:RadiationOncologyStructuresOntology#Right_Mediastinal_Lymph_Nodes,LN_R_T04,Jean-Emmanuel Bibault,,,,
urn:absolute:RadiationOncologyStructuresOntology#Right_Coronary_Artery,Right_Coronary_Artery,,,false,,,urn:absolute:RadiationOncologyStructuresOntology#Coronary_Arteries,Right_Coronary_Artery,Jean-Emmanuel Bibault,,,,
urn:absolute:RadiationOncologyStructuresOntology#LN_A_14a,LN_A_14a,,Nodes along the superior mesenteric artery,false,,,urn:absolute:RadiationOncologyStructuresOntology#LN_A_14,LN_A_14a,Jean-Emmanuel Bibault,,,,
urn:absolute:RadiationOncologyStructuresOntology#Right_Lower_Limb,Right Lower Limb,,,false,,,http://www.co-ode.org/ontologies/ont.owl#Lower_Limbs,Right_Lower_Limb,Jean-Emmanuel Bibault,,,,
urn:absolute:RadiationOncologyStructuresOntology#Left_Internal_Mammary_Lymph_Nodes,Left_Internal_Mammary_Lymph_Nodes,,,false,,,urn:absolute:RadiationOncologyStructuresOntology#Internal_Mammary_Lymph_Nodes,Left_Internal_Mammary_Lymph_Nodes,Jean-Emmanuel Bibault,,,,
urn:absolute:RadiationOncologyStructuresOntology#Left_Chest_Wall,Left_Chest_Wall,,,false,,,urn:absolute:RadiationOncologyStructuresOntology#Chest_Walls,Left_Chest_Wall,Jean-Emmanuel Bibault,,,,
urn:absolute:RadiationOncologyStructuresOntology#Spine,Spine,,,false,,,urn:absolute:RadiationOncologyStructuresOntology#Anatomical_Volumes,Spine,Jean-Emmanuel Bibault,,,,
urn:absolute:RadiationOncologyStructuresOntology#Middle_Ears,Middle_Ears,,,false,,,urn:absolute:RadiationOncologyStructuresOntology#Ears,Middle_Ears,Jean-Emmanuel Bibault,,,,
urn:absolute:RadiationOncologyStructuresOntology#'Left_Femur',Left Femur,,,false,,,urn:absolute:RadiationOncologyStructuresOntology#Left_Lower_Limb,,Jean-Emmanuel Bibault,,,,
urn:absolute:RadiationOncologyStructuresOntology#LN_R_HN05b,LN_R_HN05b,,Lower posterior triangle nodes,false,,,urn:absolute:RadiationOncologyStructuresOntology#LN_R_HN05,LN_R_HN05b,Jean-Emmanuel Bibault,,,,
urn:absolute:RadiationOncologyStructuresOntology#'Right_Ulna',Right Ulna,,,false,,,urn:absolute:RadiationOncologyStructuresOntology#Right_Upper_Limb,,Jean-Emmanuel Bibault,,,,
urn:absolute:RadiationOncologyStructuresOntology#Applicator,Applicator,,,false,,,urn:absolute:RadiationOncologyStructuresOntology#Miscellaneous_Volumes,Applicator,Jean-Emmanuel Bibault,,,,
urn:absolute:RadiationOncologyStructuresOntology#Primary_Gross_Tumor_Volume,Primary Gross Tumor Volume,,"Tumor that can be seen, palpated or imaged.|GTVp",false,,,urn:absolute:RadiationOncologyStructuresOntology#GrossTumorVolume,Primary_Gross_Tumor_Volume,jean-emmanuelbibault,,,,
urn:absolute:RadiationOncologyStructuresOntology#LN_R_HN04,LN_R_HN04,,,false,,,urn:absolute:RadiationOncologyStructuresOntology#Right_Cervical_Lymph_Nodes,LN_R_HN04,Jean-Emmanuel Bibault,,,,
urn:absolute:RadiationOncologyStructuresOntology#Limbs,Limbs,,,false,,,urn:absolute:RadiationOncologyStructuresOntology#Anatomical_Volumes,Limbs,Jean-Emmanuel Bibault,,,,
urn:absolute:RadiationOncologyStructuresOntology#Tongue,Tongue,,,false,,,urn:absolute:RadiationOncologyStructuresOntology#Oral_Cavity,Tongue,Jean-Emmanuel Bibault,,,,
http://www.co-ode.org/ontologies/ont.owl#Lower_Limbs,Lower Limbs,,,false,,,urn:absolute:RadiationOncologyStructuresOntology#Limbs,,Jean-Emmanuel Bibault,,,,
urn:absolute:RadiationOncologyStructuresOntology#Left_Rib_10,Left_Rib_10,,,false,,,urn:absolute:RadiationOncologyStructuresOntology#Left_Ribs,Left_Rib_10,Jean-Emmanuel Bibault,,,,
urn:absolute:RadiationOncologyStructuresOntology#Right_Parametrium,Right_Parametrium,,,false,,,urn:absolute:RadiationOncologyStructuresOntology#Parametria,Right_Parametrium,Jean-Emmanuel Bibault,,,,
urn:absolute:RadiationOncologyStructuresOntology#LN_R_T12,LN_R_T12,,Right Lobar,false,,,urn:absolute:RadiationOncologyStructuresOntology#Right_Mediastinal_Lymph_Nodes,LN_R_T12,Jean-Emmanuel Bibault,,,,
urn:absolute:RadiationOncologyStructuresOntology#Right_Lacrymal_Gland,Right_Lacrymal_Gland,,,false,,,urn:absolute:RadiationOncologyStructuresOntology#Lacrymal_Glands,Right_Lacrymal_Gland,Jean-Emmanuel Bibault,,,,
urn:absolute:RadiationOncologyStructuresOntology#LN_R_T11,LN_R_T11,,Right Interlobar,false,,,urn:absolute:RadiationOncologyStructuresOntology#Right_Mediastinal_Lymph_Nodes,LN_R_T11,Jean-Emmanuel Bibault,,,,
urn:absolute:RadiationOncologyStructuresOntology#Left_Fibula,Left Fibula,,,false,,,urn:absolute:RadiationOncologyStructuresOntology#Left_Lower_Limb,Left_Fibula,Jean-Emmanuel Bibault,,,,
urn:absolute:RadiationOncologyStructuresOntology#LN_L_T02,LN_L_T02,,Left Paratracheal,false,,,urn:absolute:RadiationOncologyStructuresOntology#Left_Mediastinal_Lymph_Nodes,LN_L_T02,Jean-Emmanuel Bibault,,,,
urn:absolute:RadiationOncologyStructuresOntology#Left_Rib_05,Left_Rib_05,,,false,,,urn:absolute:RadiationOncologyStructuresOntology#Left_Ribs,Left_Rib_05,Jean-Emmanuel Bibault,,,,
urn:absolute:RadiationOncologyStructuresOntology#Left_Lens,Left_Lens,,,false,,,urn:absolute:RadiationOncologyStructuresOntology#Lenses,Left_Lens,Jean-Emmanuel Bibault,,,,
urn:absolute:RadiationOncologyStructuresOntology#Head_Bones,Head_Bones,,,false,,,http://www.co-ode.org/ontologies/ont.owl#Head,Head_Bones,Jean-Emmanuel Bibault,,,,
urn:absolute:RadiationOncologyStructuresOntology#LN_R_HN01b,LN_R_HN01b,,Submandibular group,false,,,urn:absolute:RadiationOncologyStructuresOntology#LN_R_HN01,LN_R_HN01b,Jean-Emmanuel Bibault,,,,
urn:absolute:RadiationOncologyStructuresOntology#Left_Common_Iliac_Lymph_Nodes,Left_Common_Iliac_Lymph_Nodes,,,false,,,urn:absolute:RadiationOncologyStructuresOntology#Common_Iliac_Lymph_Nodes,Left_Common_Iliac_Lymph_Nodes,Jean-Emmanuel Bibault,,,,
urn:absolute:RadiationOncologyStructuresOntology#LN_R_HN04b,LN_R_HN04b,,Medial supraclavicular group,false,,,urn:absolute:RadiationOncologyStructuresOntology#LN_R_HN04,LN_R_HN04b,Jean-Emmanuel Bibault,,,,
urn:absolute:RadiationOncologyStructuresOntology#Lungs,Lungs,,,false,,,urn:absolute:RadiationOncologyStructuresOntology#Thorax,Lungs,Jean-Emmanuel Bibault,,,,
urn:absolute:RadiationOncologyStructuresOntology#Pelvic_Bones,Pelvic_Bones,,,false,,,urn:absolute:RadiationOncologyStructuresOntology#Pelvis,Pelvic_Bones,Jean-Emmanuel Bibault,,,,
urn:absolute:RadiationOncologyStructuresOntology#Cavum,Cavum,,,false,,,http://www.co-ode.org/ontologies/ont.owl#Head,Cavum,Jean-Emmanuel Bibault,,,,
urn:absolute:RadiationOncologyStructuresOntology#Nodal_Clinical_Target_Volume_-_Intermediary_Risk,Nodal Clinical Target Volume - Intermediary Risk,,,false,,,urn:absolute:RadiationOncologyStructuresOntology#Nodal_Clinical_Target_Volume,Nodal_Clinical_Target_Volume_-_Intermediary_Risk,jean-emmanuelbibault,,,,
urn:absolute:RadiationOncologyStructuresOntology#Thoracic_Vertebra_08,Thoracic_Vertebra_08,,,false,,,urn:absolute:RadiationOncologyStructuresOntology#Thoracic_Vertebrae,Thoracic_Vertebra_08,Jean-Emmanuel Bibault,,,,
urn:absolute:RadiationOncologyStructuresOntology#Nodal_Planning_Target_Volume,Nodal Planning Target Volume,,PTVn|Nodal uncertainties in planning or treatment delivery.,false,,,urn:absolute:RadiationOncologyStructuresOntology#PlanningTargetVolume,Nodal_Planning_Target_Volume,Jean-Emmanuel Bibault,,,,
urn:absolute:RadiationOncologyStructuresOntology#Bladder_Wall,Bladder_Wall,,,false,,,urn:absolute:RadiationOncologyStructuresOntology#Bladder,Bladder_Wall,Jean-Emmanuel Bibault,,,,
urn:absolute:RadiationOncologyStructuresOntology#Right_Mediastinal_Lymph_Nodes,Right_Mediastinal_Lymph_Nodes,,,false,,,urn:absolute:RadiationOncologyStructuresOntology#Mediastinum,Right_Mediastinal_Lymph_Nodes,Jean-Emmanuel Bibault,,,,
urn:absolute:RadiationOncologyStructuresOntology#Cervical_Lymph_Nodes,Cervical Lymph Nodes,,,false,,,http://www.co-ode.org/ontologies/ont.owl#Neck,Cervical_Lymph_Nodes,Jean-Emmanuel Bibault,,,,
urn:absolute:RadiationOncologyStructuresOntology#Lumbar_Vertebra_05,Lumbar_Vertebra_05,,,false,,,urn:absolute:RadiationOncologyStructuresOntology#Lumbar_Vertebrae,Lumbar_Vertebra_05,Jean-Emmanuel Bibault,,,,
urn:absolute:RadiationOncologyStructuresOntology#Epiglottis,Epiglottis,,,false,,,http://www.co-ode.org/ontologies/ont.owl#Neck,Epiglottis,Jean-Emmanuel Bibault,,,,
urn:absolute:RadiationOncologyStructuresOntology#Right_Cervical_Vessels,Right Cervical Vessels,,,false,,,urn:absolute:RadiationOncologyStructuresOntology#Cervical_Vessels,Right_Cervical_Vessels,Jean-Emmanuel Bibault,,,,
urn:absolute:RadiationOncologyStructuresOntology#Right_Tibia,Right Tibia,,,false,,,urn:absolute:RadiationOncologyStructuresOntology#Right_Lower_Limb,Right_Tibia,Jean-Emmanuel Bibault,,,,
urn:absolute:RadiationOncologyStructuresOntology#Carina,Carina,,,false,,,urn:absolute:RadiationOncologyStructuresOntology#Thorax,Carina,Jean-Emmanuel Bibault,,,,
http://www.co-ode.org/ontologies/ont.owl#Abdomen,Abdomen,,,false,,,urn:absolute:RadiationOncologyStructuresOntology#Anatomical_Volumes,,Jean-Emmanuel Bibault,,,,
urn:absolute:RadiationOncologyStructuresOntology#Left_Axillary_Lymph_Nodes,Left_Axillary_Lymph_Nodes,,,false,,,urn:absolute:RadiationOncologyStructuresOntology#Axillary_Lymph_Nodes,Left_Axillary_Lymph_Nodes,Jean-Emmanuel Bibault,,,,
urn:absolute:RadiationOncologyStructuresOntology#Spinal_Cord,Spinal Cord,,,false,,,urn:absolute:RadiationOncologyStructuresOntology#Spine,Spinal_Cord,Jean-Emmanuel Bibault,,,,
urn:absolute:RadiationOncologyStructuresOntology#Thoracic_Vertebra_10,Thoracic_Vertebra_10,,,false,,,urn:absolute:RadiationOncologyStructuresOntology#Thoracic_Vertebrae,Thoracic_Vertebra_10,Jean-Emmanuel Bibault,,,,
urn:absolute:RadiationOncologyStructuresOntology#Right_Hippocampus,Right_Hippocampus,,,false,,,urn:absolute:RadiationOncologyStructuresOntology#Hippocampi,Right_Hippocampus,Jean-Emmanuel Bibault,,,,
urn:absolute:RadiationOncologyStructuresOntology#Thoracic_Vertebrae,Thoracic_Vertebrae,,,false,,,urn:absolute:RadiationOncologyStructuresOntology#Thoracic_Bones,Thoracic_Vertebrae,Jean-Emmanuel Bibault,,,,
urn:absolute:RadiationOncologyStructuresOntology#External,External,,,false,,,urn:absolute:RadiationOncologyStructuresOntology#Miscellaneous_Volumes,External,Jean-Emmanuel Bibault,,,,
urn:absolute:RadiationOncologyStructuresOntology#LN_L_HN01a,LN_L_HN01a,,Submental group,false,,,urn:absolute:RadiationOncologyStructuresOntology#LN_L_HN01,LN_L_HN01a,Jean-Emmanuel Bibault,,,,
urn:absolute:RadiationOncologyStructuresOntology#Cervical_Bones,Cervical Bones,,,false,,,http://www.co-ode.org/ontologies/ont.owl#Neck,Cervical_Bones,Jean-Emmanuel Bibault,,,,
urn:absolute:RadiationOncologyStructuresOntology#Right_Rib_01,Right_Rib_01,,,false,,,urn:absolute:RadiationOncologyStructuresOntology#Right_Ribs,Right_Rib_01,Jean-Emmanuel Bibault,,,,
urn:absolute:RadiationOncologyStructuresOntology#LN_A05,LN_A05,,Suprapyloric nodes,false,,,urn:absolute:RadiationOncologyStructuresOntology#LN_A_N1,LN_A05,Jean-Emmanuel Bibault,,,,
urn:absolute:RadiationOncologyStructuresOntology#Left_Retina,Left_Retina,,,false,,,urn:absolute:RadiationOncologyStructuresOntology#Retinas,Left_Retina,Jean-Emmanuel Bibault,,,,
http://www.co-ode.org/ontologies/ont.owl#Upper_Limbs,Upper Limbs,,,false,,,urn:absolute:RadiationOncologyStructuresOntology#Limbs,,Jean-Emmanuel Bibault,,,,
urn:absolute:RadiationOncologyStructuresOntology#Skull,Skull,,,false,,,urn:absolute:RadiationOncologyStructuresOntology#Head_Bones,Skull,Jean-Emmanuel Bibault,,,,
urn:absolute:RadiationOncologyStructuresOntology#Thoracic_Vertebra_09,Thoracic_Vertebra_09,,,false,,,urn:absolute:RadiationOncologyStructuresOntology#Thoracic_Vertebrae,Thoracic_Vertebra_09,Jean-Emmanuel Bibault,,,,
urn:absolute:RadiationOncologyStructuresOntology#Nodal_Biological_Target_Volume,Nodal Biological Target Volume,,BTVn|Nodal functional activity.,false,,,urn:absolute:RadiationOncologyStructuresOntology#Biological_Target_Volume,Nodal_Biological_Target_Volume,Jean-Emmanuel Bibault,,,,
urn:absolute:RadiationOncologyStructuresOntology#Chest_Walls,Chest_Walls,,,false,,,urn:absolute:RadiationOncologyStructuresOntology#Thorax,Chest_Walls,Jean-Emmanuel Bibault,,,,
urn:absolute:RadiationOncologyStructuresOntology#LN_R_HN05a,LN_R_HN05a,,Upper posterior triangle nodes,false,,,urn:absolute:RadiationOncologyStructuresOntology#LN_R_HN05,LN_R_HN05a,Jean-Emmanuel Bibault,,,,
urn:absolute:RadiationOncologyStructuresOntology#Right_Rib_02,Right_Rib_02,,,false,,,urn:absolute:RadiationOncologyStructuresOntology#Right_Ribs,Right_Rib_02,Jean-Emmanuel Bibault,,,,
urn:absolute:RadiationOncologyStructuresOntology#LN_A_14,LN_A_14,,,false,,,urn:absolute:RadiationOncologyStructuresOntology#LN_A_N3,LN_A_14,Jean-Emmanuel Bibault,,,,
urn:absolute:RadiationOncologyStructuresOntology#Left_Tibia,Left Tibia,,,false,,,urn:absolute:RadiationOncologyStructuresOntology#Left_Lower_Limb,Left_Tibia,Jean-Emmanuel Bibault,,,,
urn:absolute:RadiationOncologyStructuresOntology#Inferior_Vena_Cava,Inferior_Vena_Cava,,,false,,,urn:absolute:RadiationOncologyStructuresOntology#Abdominal_Vessels,Inferior_Vena_Cava,Jean-Emmanuel Bibault,,,,
urn:absolute:RadiationOncologyStructuresOntology#Thoracic_Vertebra_11,Thoracic_Vertebra_11,,,false,,,urn:absolute:RadiationOncologyStructuresOntology#Thoracic_Vertebrae,Thoracic_Vertebra_11,Jean-Emmanuel Bibault,,,,
urn:absolute:RadiationOncologyStructuresOntology#LN_R_T14,LN_R_T14,,Right Subsegmental,false,,,urn:absolute:RadiationOncologyStructuresOntology#Right_Mediastinal_Lymph_Nodes,LN_R_T14,Jean-Emmanuel Bibault,,,,
urn:absolute:RadiationOncologyStructuresOntology#Right_Distal_Ischiorectal_Fossa,Right_Distal_Ischiorectal_Fossa,,,false,,,urn:absolute:RadiationOncologyStructuresOntology#Right_Ischiorectal_Fossa,Right_Distal_Ischiorectal_Fossa,Jean-Emmanuel Bibault,,,,
urn:absolute:RadiationOncologyStructuresOntology#Parotids,Parotids,,,false,,,urn:absolute:RadiationOncologyStructuresOntology#Salivary_Glands,Parotids,Jean-Emmanuel Bibault,,,,
urn:absolute:RadiationOncologyStructuresOntology#Left_Cervical_Vessels,Left Cervical Vessels,,,false,,,urn:absolute:RadiationOncologyStructuresOntology#Cervical_Vessels,Left_Cervical_Vessels,Jean-Emmanuel Bibault,,,,
urn:absolute:RadiationOncologyStructuresOntology#Sacrum,Sacrum,,,false,,,urn:absolute:RadiationOncologyStructuresOntology#Pelvic_Bones,Sacrum,Jean-Emmanuel Bibault,,,,
urn:absolute:RadiationOncologyStructuresOntology#Primary_Internal_Target_Volume,Primary Internal Target Volume,,"Compensation for tumoral internal physiologic movement and variations in size, shape, and position.|ITVp",false,,,urn:absolute:RadiationOncologyStructuresOntology#InternalTargetVolume,Primary_Internal_Target_Volume,Jean-Emmanuel Bibault,,,,
urn:absolute:RadiationOncologyStructuresOntology#Skin,Skin,,,false,,,urn:absolute:RadiationOncologyStructuresOntology#Anatomical_Volumes,Skin,Jean-Emmanuel Bibault,,,,
urn:absolute:RadiationOncologyStructuresOntology#Glottis,Glottis,,,false,,,http://www.co-ode.org/ontologies/ont.owl#Neck,Glottis,Jean-Emmanuel Bibault,,,,
urn:absolute:RadiationOncologyStructuresOntology#Right_Fibula,Right Fibula,,,false,,,urn:absolute:RadiationOncologyStructuresOntology#Right_Lower_Limb,Right_Fibula,Jean-Emmanuel Bibault,,,,
urn:absolute:RadiationOncologyStructuresOntology#LN_R_HN04a,LN_R_HN04a,,Lower jugular group,false,,,urn:absolute:RadiationOncologyStructuresOntology#LN_R_HN04,LN_R_HN04a,Jean-Emmanuel Bibault,,,,
urn:absolute:RadiationOncologyStructuresOntology#LN_R_HN07a,LN_R_HN07a,,Retropharyngeal nodes,false,,,urn:absolute:RadiationOncologyStructuresOntology#LN_R_HN07,LN_R_HN07a,Jean-Emmanuel Bibault,,,,
urn:absolute:RadiationOncologyStructuresOntology#Nodal_Gross_Tumor_Volume,Nodal Gross Tumor Volume,,"Nodes that can be seen, palpated or imaged.|GTVn",false,,,urn:absolute:RadiationOncologyStructuresOntology#GrossTumorVolume,Nodal_Gross_Tumor_Volume,jean-emmanuelbibault,,,,
urn:absolute:RadiationOncologyStructuresOntology#Left_Rib_09,Left_Rib_09,,,false,,,urn:absolute:RadiationOncologyStructuresOntology#Left_Ribs,Left_Rib_09,Jean-Emmanuel Bibault,,,,
urn:absolute:RadiationOncologyStructuresOntology#LN_A06,LN_A06,,Subpyloric nodes,false,,,urn:absolute:RadiationOncologyStructuresOntology#LN_A_N1,LN_A06,Jean-Emmanuel Bibault,,,,
urn:absolute:RadiationOncologyStructuresOntology#Left_Rib_12,Left_Rib_12,,,false,,,urn:absolute:RadiationOncologyStructuresOntology#Left_Ribs,Left_Rib_12,Jean-Emmanuel Bibault,,,,
urn:absolute:RadiationOncologyStructuresOntology#Subclavicular_Lymph_Nodes,Subclavicular_Lymph_Nodes,,,false,,,http://www.co-ode.org/ontologies/ont.owl#Thoracic,Subclavicular_Lymph_Nodes,Jean-Emmanuel Bibault,,,,
urn:absolute:RadiationOncologyStructuresOntology#Chiasm,Chiasm,,,false,,,urn:absolute:RadiationOncologyStructuresOntology#Brain,Chiasm,Jean-Emmanuel Bibault,,,,
urn:absolute:RadiationOncologyStructuresOntology#PlanningTargetVolume,Planning Target Volume,,Uncertainties in planning or treatment delivery.|PTV,false,,,urn:absolute:RadiationOncologyStructuresOntology#Target_Volumes,PlanningTargetVolume,Jean-Emmanuel Bibault,,,,
urn:absolute:RadiationOncologyStructuresOntology#Left_Head_Lymph_Nodes,Left_Head_Lymph_Nodes,,,false,,,urn:absolute:RadiationOncologyStructuresOntology#Head_Lymph_Nodes,Left_Head_Lymph_Nodes,Jean-Emmanuel Bibault,,,,
urn:absolute:RadiationOncologyStructuresOntology#Miscellaneous_Volumes,Miscellaneous Volumes,,,false,,,urn:absolute:RadiationOncologyStructuresOntology#Volumes,Miscellaneous_Volumes,Jean-Emmanuel Bibault,,,,
urn:absolute:RadiationOncologyStructuresOntology#LN_R_T10,LN_R_T10,,Right Hilar,false,,,urn:absolute:RadiationOncologyStructuresOntology#Right_Mediastinal_Lymph_Nodes,LN_R_T10,Jean-Emmanuel Bibault,,,,
urn:absolute:RadiationOncologyStructuresOntology#Left_Rib_04,Left_Rib_04,,,false,,,urn:absolute:RadiationOncologyStructuresOntology#Left_Ribs,Left_Rib_04,Jean-Emmanuel Bibault,,,,
urn:absolute:RadiationOncologyStructuresOntology#Liver,Liver,,,false,,,http://www.co-ode.org/ontologies/ont.owl#Abdomen,Liver,Jean-Emmanuel Bibault,,,,
urn:absolute:RadiationOncologyStructuresOntology#LN_T03p,LN_T03p,,Posterior Mediastinal,false,,,urn:absolute:RadiationOncologyStructuresOntology#LN_T03,LN_T03p,Jean-Emmanuel Bibault,,,,
urn:absolute:RadiationOncologyStructuresOntology#Right_Middle_Ear,Right_Middle_Ear,,,false,,,urn:absolute:RadiationOncologyStructuresOntology#Middle_Ears,Right_Middle_Ear,Jean-Emmanuel Bibault,,,,
urn:absolute:RadiationOncologyStructuresOntology#Left_Supraclavicular_Lymph_Nodes,Left_Supraclavicular_Lymph_Nodes,,,false,,,urn:absolute:RadiationOncologyStructuresOntology#Supraclavicular_Lymph_Nodes,Left_Supraclavicular_Lymph_Nodes,Jean-Emmanuel Bibault,,,,
urn:absolute:RadiationOncologyStructuresOntology#Lumbar_Vertebrae,Lumbar_Vertebrae,,,false,,,http://www.co-ode.org/ontologies/ont.owl#Abdomen,Lumbar_Vertebrae,Jean-Emmanuel Bibault,,,,
urn:absolute:RadiationOncologyStructuresOntology#LN_R_HN01a,LN_R_HN01a,,Submental group,false,,,urn:absolute:RadiationOncologyStructuresOntology#LN_R_HN01,LN_R_HN01a,Jean-Emmanuel Bibault,,,,
urn:absolute:RadiationOncologyStructuresOntology#Hippocampi,Hippocampi,,,false,,,http://www.co-ode.org/ontologies/ont.owl#Head,Hippocampi,Jean-Emmanuel Bibault,,,,
urn:absolute:RadiationOncologyStructuresOntology#Seminal_Vesicles,Seminal_Vesicles,,,false,,,urn:absolute:RadiationOncologyStructuresOntology#Male_Reproductive_System,Seminal_Vesicles,Jean-Emmanuel Bibault,,,,
urn:absolute:RadiationOncologyStructuresOntology#Ovaries,Ovaries,,,false,,,urn:absolute:RadiationOncologyStructuresOntology#Female_Reproductive_System,Ovaries,Jean-Emmanuel Bibault,,,,
urn:absolute:RadiationOncologyStructuresOntology#Stomach,Stomach,,,false,,,urn:absolute:RadiationOncologyStructuresOntology#Digestive_Tract,Stomach,Jean-Emmanuel Bibault,,,,
urn:absolute:RadiationOncologyStructuresOntology#Left_External_Ear,Left_External_Ear,,,false,,,urn:absolute:RadiationOncologyStructuresOntology#External_Ears,Left_External_Ear,Jean-Emmanuel Bibault,,,,
urn:absolute:RadiationOncologyStructuresOntology#Cervical_Vertebra_01,Cervical_Vertebra_01,,,false,,,urn:absolute:RadiationOncologyStructuresOntology#Cervical_Vertebrae,Cervical_Vertebra_01,Jean-Emmanuel Bibault,,,,
urn:absolute:RadiationOncologyStructuresOntology#LN_A_10,LN_A_10,,Nodes at the splenic hilum,false,,,urn:absolute:RadiationOncologyStructuresOntology#LN_A_N2,LN_A_10,Jean-Emmanuel Bibault,,,,
urn:absolute:RadiationOncologyStructuresOntology#LN_T05,LN_T05,,Subaortic or Botello's,false,,,urn:absolute:RadiationOncologyStructuresOntology#Central_Mediastinal_Lymph_Nodes,LN_T05,Jean-Emmanuel Bibault,,,,
urn:absolute:RadiationOncologyStructuresOntology#Cervix,Cervix,,,false,,,urn:absolute:RadiationOncologyStructuresOntology#Female_Reproductive_System,Cervix,Jean-Emmanuel Bibault,,,,
urn:absolute:RadiationOncologyStructuresOntology#Vulva,Vulva,,,false,,,urn:absolute:RadiationOncologyStructuresOntology#Female_Reproductive_System,Vulva,Jean-Emmanuel Bibault,,,,
urn:absolute:RadiationOncologyStructuresOntology#Pancreas,Pancreas,,,false,,,http://www.co-ode.org/ontologies/ont.owl#Abdomen,Pancreas,Jean-Emmanuel Bibault,,,,
urn:absolute:RadiationOncologyStructuresOntology#LN_A_07,LN_A_07,,Nodes along the left gastric artery,false,,,urn:absolute:RadiationOncologyStructuresOntology#LN_A_N2,LN_A_07,Jean-Emmanuel Bibault,,,,
urn:absolute:RadiationOncologyStructuresOntology#Abdominal_Aorta,Abdominal_Aorta,,,false,,,urn:absolute:RadiationOncologyStructuresOntology#Abdominal_Vessels,Abdominal_Aorta,Jean-Emmanuel Bibault,,,,
urn:absolute:RadiationOncologyStructuresOntology#LN_L_HN08,LN_L_HN08,,Parotid group,false,,,urn:absolute:RadiationOncologyStructuresOntology#Left_Head_Lymph_Nodes,LN_L_HN08,Jean-Emmanuel Bibault,,,,
urn:absolute:RadiationOncologyStructuresOntology#Left_Lacrymal_Gland,Left_Lacrymal_Gland,,,false,,,urn:absolute:RadiationOncologyStructuresOntology#Lacrymal_Glands,Left_Lacrymal_Gland,Jean-Emmanuel Bibault,,,,
urn:absolute:RadiationOncologyStructuresOntology#Male_Reproductive_System,Male_Reproductive_System,,,false,,,urn:absolute:RadiationOncologyStructuresOntology#Pelvis,Male_Reproductive_System,Jean-Emmanuel Bibault,,,,
urn:absolute:RadiationOncologyStructuresOntology#LN_L_T09,LN_L_T09,,Left Pulmonary Ligament,false,,,urn:absolute:RadiationOncologyStructuresOntology#Left_Mediastinal_Lymph_Nodes,LN_L_T09,Jean-Emmanuel Bibault,,,,
urn:absolute:RadiationOncologyStructuresOntology#Right_Brachial_Plexus,Right_Brachial_Plexus,,,false,,,urn:absolute:RadiationOncologyStructuresOntology#Brachial_Plexuses,Right_Brachial_Plexus,Jean-Emmanuel Bibault,,,,
urn:absolute:RadiationOncologyStructuresOntology#LN_A_08p,LN_A_08p,,Nodes along the common hepatic artery - posterior group,false,,,urn:absolute:RadiationOncologyStructuresOntology#LN_A_08,LN_A_08p,Jean-Emmanuel Bibault,,,,
urn:absolute:RadiationOncologyStructuresOntology#Cervical_Vertebra_05,Cervical_Vertebra_05,,,false,,,urn:absolute:RadiationOncologyStructuresOntology#Cervical_Vertebrae,Cervical_Vertebra_05,Jean-Emmanuel Bibault,,,,
urn:absolute:RadiationOncologyStructuresOntology#Penile_Bulb,Penile_Bulb,,,false,,,urn:absolute:RadiationOncologyStructuresOntology#Penis,Penile_Bulb,Jean-Emmanuel Bibault,,,,
urn:absolute:RadiationOncologyStructuresOntology#Vagina,Vagina,,,false,,,urn:absolute:RadiationOncologyStructuresOntology#Female_Reproductive_System,Vagina,Jean-Emmanuel Bibault,,,,
urn:absolute:RadiationOncologyStructuresOntology#Thoracic_Vertebra_01,Thoracic_Vertebra_01,,,false,,,urn:absolute:RadiationOncologyStructuresOntology#Thoracic_Vertebrae,Thoracic_Vertebra_01,Jean-Emmanuel Bibault,,,,
urn:absolute:RadiationOncologyStructuresOntology#LN_L_HN05,LN_L_HN05,,,false,,,urn:absolute:RadiationOncologyStructuresOntology#Left_Cervical_Lymph_Nodes,LN_L_HN05,Jean-Emmanuel Bibault,,,,
urn:absolute:RadiationOncologyStructuresOntology#Right_Inguinal_Lymph_Nodes,Right_Inguinal_Lymph_Nodes,,,false,,,urn:absolute:RadiationOncologyStructuresOntology#Inguinal_Lymph_Nodes,Right_Inguinal_Lymph_Nodes,Jean-Emmanuel Bibault,,,,
urn:absolute:RadiationOncologyStructuresOntology#Thoracic_Bones,Thoracic_Bones,,,false,,,urn:absolute:RadiationOncologyStructuresOntology#Thorax,Thoracic_Bones,Jean-Emmanuel Bibault,,,,
urn:absolute:RadiationOncologyStructuresOntology#LN_R_HN05c,LN_R_HN05c,,Lateral supraclavicular group,false,,,urn:absolute:RadiationOncologyStructuresOntology#LN_R_HN05,LN_R_HN05c,Jean-Emmanuel Bibault,,,,
urn:absolute:RadiationOncologyStructuresOntology#Cauda_Equina,Cauda_Equina,,,false,,,urn:absolute:RadiationOncologyStructuresOntology#Pelvis,Cauda_Equina,Jean-Emmanuel Bibault,,,,
urn:absolute:RadiationOncologyStructuresOntology#Left_Humerus,Left Humerus,,,false,,,urn:absolute:RadiationOncologyStructuresOntology#Left_Upper_Limb,Left_Humerus,Jean-Emmanuel Bibault,,,,
urn:absolute:RadiationOncologyStructuresOntology#LN_A_15,LN_A_15,,Nodes along the middle colic vessels,false,,,urn:absolute:RadiationOncologyStructuresOntology#LN_A_N3,LN_A_15,Jean-Emmanuel Bibault,,,,
http://www.co-ode.org/ontologies/ont.owl#Pelvic_Lymph_Nodes,Pelvic Lymph Nodes,,,false,,,urn:absolute:RadiationOncologyStructuresOntology#Pelvis,,Jean-Emmanuel Bibault,,,,
urn:absolute:RadiationOncologyStructuresOntology#LN_T06,LN_T06,,Paraaortic,false,,,urn:absolute:RadiationOncologyStructuresOntology#Central_Mediastinal_Lymph_Nodes,LN_T06,Jean-Emmanuel Bibault,,,,
urn:absolute:RadiationOncologyStructuresOntology#Frontal_Lobes,Frontal_Lobes,,,false,,,urn:absolute:RadiationOncologyStructuresOntology#Brain,Frontal_Lobes,Jean-Emmanuel Bibault,,,,
urn:absolute:RadiationOncologyStructuresOntology#LN_L_HN07,LN_L_HN07,,Prevertebral compartment group,false,,,urn:absolute:RadiationOncologyStructuresOntology#Left_Cervical_Lymph_Nodes,LN_L_HN07,Jean-Emmanuel Bibault,,,,
urn:absolute:RadiationOncologyStructuresOntology#Ischiorectal_Fossae,Ischiorectal_Fossae,,,false,,,urn:absolute:RadiationOncologyStructuresOntology#Pelvis,Ischiorectal_Fossae,Jean-Emmanuel Bibault,,,,
